ticker,company,headline,datetime
BEKE,KE Holdings Inc.,KE Holdings Inc. - Depositary Receipt () (BEKE) Price Target Decreased by 6.44% to 18.54,1715213026.0
CNA,CNA Financial Corporation,"Insider Sale: EVP & CAO Daniel Franzetti Sells 23,301 Shares of CNA Financial Corp (CNA)",1715217321.0
COMP,"Compass, Inc.","Dow Jones Futures: S&P 500 Holds, Toast Leads 5 New Buys; Robinhood, Arm Are Earnings Movers Late",1715202483.0
ET,Energy Transfer LP,Energy Transfer (ET) Q1 2024 Earnings Call Transcript,1715215512.0
HAE,Haemonetics Corporation,"Insider Sale at Haemonetics Corp (HAE): EVP, Chief Technology Officer Anila Lingamneni Sells ...",1715217333.0
KVYO,"Klaviyo, Inc.",Klaviyo (KVYO) Q1 2024 Earnings Call Transcript,1715219115.0
MNSO,MINISO Group Holding Limited,MINISO Group Holding Limited - Depositary Receipt () (MNSO) Price Target Increased by 5.01% to 25.58,1715213026.0
SPGI,S&P Global Inc.,The S&P 500 could add this popular tech stock next,1715216580.0
SPGI,S&P Global Inc.,S&P Global Market Intelligence Global Bank Ranking: Chinese Banks Maintain Dominance in 2023 Despite Economic Headwinds,1715212800.0
THG,"The Hanover Insurance Group, Inc.",Insider Sale: Executive Vice President Willard Lee Sells Shares of The Hanover Insurance Group ...,1715217355.0
UGP,Ultrapar Participações S.A.,Ultrapar Participações S.A. - Depositary Receipt () (UGP) Price Target Increased by 6.01% to 5.87,1715213026.0
VLRS,"Controladora Vuela Compañía de Aviación, S.A.B. de C.V.",Volaris Celebrates Frontier Airlines’ Reactivation of the Codeshare Agreement Between Both Airlines,1715216940.0
CPRT,"Copart, Inc.","Copart, Inc. to Release Third Quarter Fiscal 2024 Results",1715213400.0
GWRS,"Global Water Resources, Inc.","Global Water Resources, Inc. (GWRS) Q1 Earnings Meet Estimates",1715212803.0
NVDA,NVIDIA Corporation,ARM shares tumble despite great earnings,1715221714.0
PAHC,Phibro Animal Health Corporation,Phibro (PAHC) Reports Q3 Earnings: What Key Metrics Have to Say,1715212808.0
SITM,SiTime Corporation,SiTime (SITM) Q1 2024 Earnings Call Transcript,1715213716.0
SSRM,SSR Mining Inc.,SSR Mining (SSRM) Q1 2024 Earnings Call Transcript,1715220017.0
TMDX,"TransMedics Group, Inc.",Insider Sale: Director Edward Basile Sells Shares of TransMedics Group Inc (TMDX),1715217363.0
TTD,"The Trade Desk, Inc.",The Trade Desk (TTD) Q1 2024 Earnings Call Transcript,1715212817.0
ticker,company,headline,datetime
COMP,"Compass, Inc.",Dow Jones Rises Again; Nvidia Chipmaker Taiwan Semi On Tap With 5 AI Stocks Near Buy Points,1715289673.0
LPX,Louisiana-Pacific Corporation,Seaport Global Downgrades Louisiana-Pacific (LPX),1715304833.0
SHOP,Shopify Inc.,Cathie Wood goes bargain hunting in beat-down tech stocks,1715301180.0
SHOP,Shopify Inc.,JMP Securities Upgrades Shopify (SHOP),1715300331.0
TSM,Taiwan Semiconductor Manufacturing Company Limited,Dow Jones Rises Again; Nvidia Chipmaker Taiwan Semi On Tap With 5 AI Stocks Near Buy Points,1715289673.0
WTTR,"Select Water Solutions, Inc.",Citigroup Upgrades Select Water Solutions (WTTR),1715300430.0
AMAT,"Applied Materials, Inc.",Dow Jones Rises Again; Nvidia Chipmaker Taiwan Semi On Tap With 5 AI Stocks Near Buy Points,1715289673.0
LEGH,Legacy Housing Corporation,"Compared to Estimates, Legacy Housing (LEGH) Q1 Earnings: A Look at Key Metrics",1715301002.0
LEGH,Legacy Housing Corporation,Legacy Housing (LEGH) Tops Q1 Earnings and Revenue Estimates,1715299203.0
MSFT,Microsoft Corporation,UPDATE 1-US lawmakers unveil bill to make it easier to restrict exports of AI models,1715308861.0
EQX,Equinox Gold Corp.,Equinox Gold Announces Results from Annual Shareholder Meeting,1715301360.0
ticker,company,headline,datetime
ACM,AECOM,"The Zacks Analyst Blog Highlights ServiceNow, AECOM, Newmont, Northern Trust and Performance Food",1715335860.0
AHH,"Armada Hoffler Properties, Inc.",Armada Hoffler Properties (NYSE:AHH) investors are sitting on a loss of 7.7% if they invested five years ago,1715337470.0
ALCC,AltC Acquisition Corp.,Oklo Inc. Begins Trading on the New York Stock Exchange,1715327586.0
ALK,"Alaska Air Group, Inc.",SEC to investigate Boeing over statements on safety practices: report,1715305904.0
ALK,"Alaska Air Group, Inc.","UPDATE 1-US Senate passes sweeping aviation safety, consumer bill",1715302069.0
AMBP,Ardagh Metal Packaging S.A.,Fitch Downgrades Ardagh Metal Packaging S.A. to 'B-' ; Outlook Negative,1715320846.0
AMBP,Ardagh Metal Packaging S.A.,Fitch Downgrades Ardagh Group's IDR to 'CCC',1715320843.0
AMR,"Alpha Metallurgical Resources, Inc.",Alpha Announces Executive Leadership Change,1715328071.0
ANET,"Arista Networks, Inc.","Zacks Investment Ideas feature highlights: Eaton,  Eli Lilly and Arista Networks",1715333820.0
ANET,"Arista Networks, Inc.",Decoding Arista Networks Inc (ANET): A Strategic SWOT Insight,1715317525.0
APO,"Apollo Global Management, Inc.",Baron Funds - Apollo Global: Tightening Bank Capital Requirements A Multi-Trillion Dollar Opportunity,1715322300.0
APO,"Apollo Global Management, Inc.",Decoding Apollo Global Management Inc (APO): A Strategic SWOT Insight,1715317537.0
APO,"Apollo Global Management, Inc.",Baron Durable Advantage Fund Q1 2024 Shareholder Letter,1715301000.0
ARES,Ares Management Corporation,"Ares Management Corporation to Host Investor Day on May 21, 2024",1715337000.0
ARES,Ares Management Corporation,Private Credit Lender Ares Wins Court Ruling on Indonesia Debtor,1715332023.0
ARES,Ares Management Corporation,Decoding Ares Management Corp (ARES): A Strategic SWOT Insight,1715317635.0
ASGN,ASGN Incorporated,Baron Small Cap Fund Q1 2024 Shareholder Letter,1715312100.0
ATO,Atmos Energy Corporation,Q2 2024 Atmos Energy Corp Earnings Call,1715313659.0
AU,AngloGold Ashanti plc,AngloGold Ashanti : Q1 2024 - Exploration Report,1715322205.0
AU,AngloGold Ashanti plc,AngloGold Ashanti : at the 2024 BMO Metals & Mining Conference,1715322205.0
AU,AngloGold Ashanti plc,AngloGold Ashanti : Q1 2024 - Production Update Report,1715322205.0
AU,AngloGold Ashanti plc,AngloGold Ashanti : Q1 2024 - Production Update Presentation,1715322205.0
AU,AngloGold Ashanti plc,AngloGold Ashanti Delivers Steady Start to 2024; Gold Production1 Up +2% y-o-y; Gold Production Guidance Reconfirmed and Obuasi on Track to Achieve FY 2024 Forecast Gold Production,1715321946.0
BAP,Credicorp Ltd.,Credicorp: Q1 Earnings Snapshot,1715317509.0
BERY,"Berry Global Group, Inc.",Q2 2024 Berry Global Group Inc Earnings Call,1715315154.0
BFAM,Bright Horizons Family Solutions Inc.,"Insider Sale: Chief Accounting Officer Jason Janoff Sells 6,000 Shares of Bright Horizons ...",1715323525.0
BFH,"Bread Financial Holdings, Inc.",See Why Young Generations Are Driving This Big Travel Trend,1715333418.0
BHP,BHP Group Limited,"Rio Tinto had considered a bid for BHP-target Anglo American, AFR reports",1715311636.0
BKH,Black Hills Corporation,Q1 2024 Black Hills Corp Earnings Call,1715323076.0
BNS,The Bank of Nova Scotia,How To Build An 8% Yielding SWAN Portfolio With 10 Blue Chips,1715324400.0
BOC,Boston Omaha Corporation,Boston Omaha Announces Departure of Co-CEO Alex Rozek as Adam Peterson Continues in Chair and CEO Roles,1715328366.0
BRX,Brixmor Property Group Inc.,BRIXMOR PROPERTY GROUP CHIEF EXECUTIVE OFFICER AND PRESIDENT JAMES M. TAYLOR TO RETURN FROM MEDICAL LEAVE OF ABSENCE,1715328072.0
BSM,"Black Stone Minerals, L.P.",Black Stone Minerals: Reduced Production Guidance Due To Low Natural Gas Prices,1715328368.0
BTI,British American Tobacco p.l.c.,How To Build An 8% Yielding SWAN Portfolio With 10 Blue Chips,1715324400.0
BX,Blackstone Inc.,"Sony Plans Bid Versus Blackstone, KKR for $1.3 Billion Manga App",1715312624.0
CARS,Cars.com Inc.,Cars.com First Quarter 2024 Earnings: EPS Misses Expectations,1715335932.0
CBL,"CBL & Associates Properties, Inc.",CBL Properties Reports Strong Results for First Quarter 2024,1715328307.0
CIM,Chimera Investment Corporation,Q1 2024 Chimera Investment Corp Earnings Call,1715312656.0
CMA,Comerica Incorporated,Comerica (NYSE:CMA) Will Pay A Dividend Of $0.71,1715341043.0
CMA,Comerica Incorporated,"G.L.A.M. Body Scrubs Wins $100,000 Comerica Hatch Detroit Contest by TechTown",1715328368.0
CMP,"Compass Minerals International, Inc.","The Gross Law Firm Reminds Shareholders of a Lead Plaintiff Deadline of June 24, 2024 in Compass Minerals International, Inc. Lawsuit - CMP",1715319974.0
CMRE,Costamare Inc.,"Costamare Inc. Reports Results for the First Quarter Ended March 31, 2024",1715335800.0
CMRE,Costamare Inc.,Costamare: Q1 Earnings Snapshot,1715322011.0
COMP,"Compass, Inc.",Dow Jones Rises Again; Nvidia Chipmaker Taiwan Semi On Tap With 5 AI Stocks Near Buy Points,1715289673.0
COOK,"Traeger, Inc.","Traeger, Inc. 2024 Q1 - Results - Earnings Call Presentation",1715308659.0
COP,ConocoPhillips,"Zacks Industry Outlook Highlights ConocoPhillips, Marathon Oil and Berry",1715334780.0
CPNG,"Coupang, Inc.",Decoding Coupang Inc (CPNG): A Strategic SWOT Insight,1715317493.0
CRC,California Resources Corporation,California Resources Corp (CRC) (Q1 2024) Earnings Call Transcript Highlights: Navigating ...,1715324501.0
CRH,CRH plc,CRH : Q1 2024 Results - Form 8-K,1715321708.0
CRH,CRH plc,CRH sets new buyback as gets weather boost in first-quarter,1715318177.0
CRH,CRH plc,"CRH: solid first quarter, forecasts reaffirmed",1715317541.0
CRH,CRH plc,"CRH Confirms Guidance After Revenue, Earnings Growth",1715308472.0
CRH,CRH plc,CRH : Q1 2024 Results,1715306828.0
CRH,CRH plc,CRH Continues Share Buyback Program,1715306766.0
CRH,CRH plc,CRH Q1 2024 Results,1715306465.0
CTO,"CTO Realty Growth, Inc.","CTO Realty Growth: Sun Is Still Shining, We're Still Buying",1715316010.0
CWEN,"Clearway Energy, Inc.",Q1 2024 Clearway Energy Inc Earnings Call,1715307379.0
D,"Dominion Energy, Inc.",B of A Securities Upgrades Dominion Energy (D),1715338878.0
DAC,Danaos Corporation,"Danaos Corporation Announces Date for the Release of First Quarter 2024 Results, Conference Call and Webcast",1715327226.0
DAVA,Endava plc,Baron Global Advantage Fund Q1 2024 Shareholder Letter,1715312400.0
DAVA,Endava plc,Baron Small Cap Fund Q1 2024 Shareholder Letter,1715312100.0
DIS,The Walt Disney Company,Is Disney Stock Going Back to $130? 1 Wall Street Analyst Thinks So.,1715328060.0
DIS,The Walt Disney Company,"Director James Gorman Acquires 20,000 Shares of The Walt Disney Co (DIS)",1715324910.0
DIS,The Walt Disney Company,Q1 2024 Warner Bros Discovery Inc Earnings Call,1715309155.0
DLR,"Digital Realty Trust, Inc.",Equinix Affirms Financial Reporting Accuracy After Independent Review,1715319098.0
DNOW,NOW Inc.,DNOW Reports First Quarter 2024 Results,1715337900.0
DOCN,"DigitalOcean Holdings, Inc.",DigitalOcean Announces First Quarter 2024 Financial Results,1715324466.0
DY,"Dycom Industries, Inc.","Dycom Industries, Inc. to Host Fiscal 2025 First Quarter Results Conference Call",1715342400.0
EAT,"Brinker International, Inc.",New Strong Buy Stocks for May 10th,1715336940.0
EBS,Emergent BioSolutions Inc.,"Emergent BioSolutions to Hold Virtual Annual Meeting of Stockholders on Thursday, May 23, 2024",1715325486.0
EDU,New Oriental Education & Technology Group Inc.,Exploring Three US Growth Companies With High Insider Ownership,1715301938.0
EL,The Estée Lauder Companies Inc.,"Shane Wolf Joins The Estee Lauder Companies as President, Global Brands, Aveda, Bumble and bumble",1715322010.0
ENB,Enbridge Inc.,How To Build An 8% Yielding SWAN Portfolio With 10 Blue Chips,1715324400.0
ENB,Enbridge Inc.,Oil Extends Two-Day Climb on Renewed Optimism for US Rate Cuts,1715300037.0
ENOV,Enovis Corporation,Enovis to Participate in Upcoming Investor Conferences,1715320807.0
EPAM,"EPAM Systems, Inc.",Baron Global Advantage Fund Q1 2024 Shareholder Letter,1715312400.0
EPD,Enterprise Products Partners L.P.,How To Build An 8% Yielding SWAN Portfolio With 10 Blue Chips,1715324400.0
EPD,Enterprise Products Partners L.P.,Decoding Enterprise Products Partners LP (EPD): A Strategic SWOT Insight,1715317611.0
EQBK,"Equity Bancshares, Inc.","Equity Bancshares : Announces Promotions of Top ExecutivesRick Sems named CEO of Equity Bank, Julie Huber named Chief Operating Officer - Form 8-K",1715324586.0
ET,Energy Transfer LP,Decoding Energy Transfer LP (ET): A Strategic SWOT Insight,1715317324.0
EVH,"Evolent Health, Inc.",Evolent Health (EVH) Q1 2024 Earnings Call Transcript,1715308213.0
F,Ford Motor Company,"UPDATE 1-Ford to assemble 300,000 cars a year at Spanish plant in Valencia region from 2027",1715339735.0
F,Ford Motor Company,Ford CFO Lawler to step down in early 2025,1715328737.0
F,Ford Motor Company,"Ford Names Lawler Vice Chair With Expanded Ford+ Role; House Joins as Finance VP, to Transition Into CFO Role",1715328067.0
F,Ford Motor Company,"Ford CFO to become vice chair, Lucid Motors exec House to succeed",1715328027.0
F,Ford Motor Company,"Ford to assemble 300,000 cars a year at spanish plant in Valencia region from 2027",1715323387.0
F,Ford Motor Company,"US auto regulator opens probe into over 200,000 Ford vehicles on fuel leak risks",1715320534.0
F,Ford Motor Company,"US auto regulator opens probe into over 200,000 Ford vehicles",1715319473.0
FDX,FedEx Corporation,FedEx : Launches New Online Import Customs Declaration Tool,1715313126.0
FDX,FedEx Corporation,FedEx : 联邦快递新增进口清关在线申报工具,1715311931.0
FE,FirstEnergy Corp.,Work Underway to Upgrade High-Voltage Power System in Northwest Ohio,1715320839.0
FG,"F&G Annuities & Life, Inc.",Q1 2024 F&G Annuities & Life Inc Earnings Call,1715319201.0
FIGS,"FIGS, Inc.",Figs (FIGS) Q1 2024 Earnings Call Transcript,1715319913.0
FND,"Floor & Decor Holdings, Inc.",Baron Small Cap Fund Q1 2024 Shareholder Letter,1715312100.0
GBTG,"Global Business Travel Group, Inc.","Global Business Travel Group, Inc. Just Missed Earnings; Here's What Analysts Are Forecasting Now",1715339432.0
GDOT,Green Dot Corporation,Green Dot Corporation (GDOT) Q1 2024 Earnings Call Transcript,1715322325.0
GDOT,Green Dot Corporation,Green Dot Corporation 2024 Q1 - Results - Earnings Call Presentation,1715314936.0
GLOB,Globant S.A.,Baron Global Advantage Fund Q1 2024 Shareholder Letter,1715312400.0
GLT,Glatfelter Corporation,Q2 2024 Berry Global Group Inc Earnings Call,1715315154.0
GOLD,Barrick Gold Corporation,Q1 2024 Royal Gold Inc Earnings Call,1715320462.0
GPRK,GeoPark Limited,GeoPark signs offtake deal with Vitol for Colombia’s Llanos 34 oil block,1715329290.0
GPRK,GeoPark Limited,GeoPark Signs New Offtake Agreement With Vitol for the Llanos 34 Block in Colombia,1715302080.0
GS,"The Goldman Sachs Group, Inc.",Marcus by Goldman Sachs Savings Ranked #1 in Overall Customer Satisfaction by J.D. Power,1715320754.0
GS,"The Goldman Sachs Group, Inc.",Vanguard Joins Pimco in Seeing More BOJ Hikes Than Market,1715310056.0
GTLS,"Chart Industries, Inc.",Chart Industries to Participate in Investor Events,1715337000.0
GTLS,"Chart Industries, Inc.","The Zacks Analyst Blog Highlights Applied Industrial Technologies, AZZ, AptarGroup, Eaton and Chart Industries",1715335380.0
GTLS,"Chart Industries, Inc.",Baron Small Cap Fund Q1 2024 Shareholder Letter,1715312100.0
GWRE,"Guidewire Software, Inc.",Baron Small Cap Fund Q1 2024 Shareholder Letter,1715312100.0
GXO,"GXO Logistics, Inc.",GXO Opens New Distribution Hub for Conair,1715324468.0
H,Hyatt Hotels Corporation,Decoding Hyatt Hotels Corp (H): A Strategic SWOT Insight,1715317548.0
H,Hyatt Hotels Corporation,Q1 2024 Hyatt Hotels Corp Earnings Call,1715314850.0
HAE,Haemonetics Corporation,Haemonetics Corporation (HAE) Q4 2024 Earnings Call Transcript,1715300723.0
HMC,"Honda Motor Co., Ltd.","Honda Motor Expects Annual Profit Fall, Announces Share Buyback",1715323680.0
HMC,"Honda Motor Co., Ltd.",Honda sees full-year profit rising 2.8%,1715321622.0
HTGC,"Hercules Capital, Inc.","Hercules Capital: Solid 10% Yield, But Sky-High Valuation",1715313552.0
HUBS,"HubSpot, Inc.",HubSpot: Evaluating The Clearbit Acquisition And Pricing Strategy Impact,1715325069.0
IBP,"Installed Building Products, Inc.",Baron Small Cap Fund Q1 2024 Shareholder Letter,1715312100.0
IHG,InterContinental Hotels Group PLC,InterContinental Hotels Group PLC Announces Transaction in Own Shares - May 10,1715320800.0
INSP,"Inspire Medical Systems, Inc.","The Inspire Medical Systems, Inc. (NYSE:INSP) First-Quarter Results Are Out And Analysts Have Published New Forecasts",1715339460.0
IT,"Gartner, Inc.",Gartner : HR Research Finds One-Third of Executives Given a Return-to-Office Mandate Plan to Leave Their Employer,1715326945.0
IT,"Gartner, Inc.",Baron Small Cap Fund Q1 2024 Shareholder Letter,1715312100.0
JBT,John Bean Technologies Corporation,Baron Small Cap Fund Q1 2024 Shareholder Letter,1715312100.0
JPM,JPMorgan Chase & Co.,"NewtekOne Stock: 10%+ Higher On Q1 Earnings, But Still Cheap?",1715324400.0
JPM,JPMorgan Chase & Co.,"Stunner: JP Morgan's ""Genius"" AI Cracks Brutal CFA Level II Exam - With a Coding Assist",1715313367.0
KBH,KB Home,"KB Home Announces the Grand Opening of Its Newest Community in Prime Northwest Tucson, Arizona",1715328126.0
KBH,KB Home,"KB Home Announces the Grand Opening of Two New Communities Situated Within the Highly Desirable Glen Loma Ranch Master Plan in Gilroy, California",1715328066.0
KD,"Kyndryl Holdings, Inc.","Kyndryl : Ingesan, OHLA Group, selects Kyndryl and Oracle to leverage the use of AI in its energy services",1715315167.0
KKR,KKR & Co. Inc.,Decoding KKR & Co Inc (KKR): A Strategic SWOT Insight,1715317602.0
KKR,KKR & Co. Inc.,"Sony Plans Bid Versus Blackstone, KKR for $1.3 Billion Manga App",1715312624.0
KNSL,"Kinsale Capital Group, Inc.",Baron Small Cap Fund Q1 2024 Shareholder Letter,1715312100.0
LAZ,Lazard Ltd,Lazard : Asset Under Management Monthly Report (April 2024),1715324114.0
LAZ,Lazard Ltd,Lazard Reports April 2024 Assets Under Management,1715323567.0
LHX,"L3Harris Technologies, Inc.",L3Harris Technologies : UK Ministry of Defence Selects L3Harris T4 Robots to Assist with Explosive Ordnance Disposal Missions,1715321369.0
LL,"LL Flooring Holdings, Inc.",Loop Capital Upgrades LL Flooring Holdings (LL),1715321988.0
LMT,Lockheed Martin Corporation,Lockheed Martin: $451 million contract for M270 launchers,1715320759.0
LMT,Lockheed Martin Corporation,$59 Billion Australia Pension Reviews Investments as Israel-Linked Firms Face Pressure,1715312298.0
LNC,Lincoln National Corporation,LNC LAWSUIT ALERT: The Gross Law Firm Notifies Lincoln National Corporation Investors of a Class Action Lawsuit and Upcoming Deadline,1715319974.0
LPX,Louisiana-Pacific Corporation,Seaport Global Downgrades Louisiana-Pacific (LPX),1715304833.0
LTH,"Life Time Group Holdings, Inc.","Life Time Group Holdings First Quarter 2024 Earnings: Revenues Beat Expectations, EPS Lags",1715337332.0
M,"Macy's, Inc.",Morningstar DBRS Finalizes Provisional Credit Ratings on Morgan Stanley Capital I Trust 2024-BPR2,1715320884.0
MA,Mastercard Incorporated,Baron Durable Advantage Fund Q1 2024 Shareholder Letter,1715301000.0
MAIN,Main Street Capital Corporation,How To Build An 8% Yielding SWAN Portfolio With 10 Blue Chips,1715324400.0
MCD,McDonald's Corporation,Wall Street Breakfast Podcast: U.S. To Impose Tariffs On Chinese EVs - Report,1715323932.0
MCO,Moody's Corporation,Baron Durable Advantage Fund Q1 2024 Shareholder Letter,1715301000.0
MDT,Medtronic plc,"Medtronic : PulseSelect™ pulsed field ablation system receives approval in Japan, broadening global impact of paradigm-shifting AFib treatment",1715329570.0
MEG,"Montrose Environmental Group, Inc.",Insider Sale at Montrose Environmental Group Inc (MEG),1715325287.0
MGM,MGM Resorts International,"FBI working towards nabbing Scattered Spider hackers, official says",1715324400.0
MLM,"Martin Marietta Materials, Inc.","Shareholders May Not Be So Generous With Martin Marietta Materials, Inc.'s (NYSE:MLM) CEO Compensation And Here's Why",1715337804.0
MMS,"Maximus, Inc.",Here's What We Like About Maximus' (NYSE:MMS) Upcoming Dividend,1715342440.0
MO,"Altria Group, Inc.",How To Build An 8% Yielding SWAN Portfolio With 10 Blue Chips,1715324400.0
MPLX,MPLX LP,How To Build An 8% Yielding SWAN Portfolio With 10 Blue Chips,1715324400.0
MPW,"Medical Properties Trust, Inc.",This Ultra-High-Yield Dividend Stock is a Tale of 2 Portfolios,1715336100.0
MPW,"Medical Properties Trust, Inc.",Q1 2024 Medical Properties Trust Inc Earnings Call,1715326015.0
MRC,MRC Global Inc.,Q1 2024 MRC Global Inc Earnings Call,1715317343.0
MRK,"Merck & Co., Inc.",Merck: The Worst Has Been Avoided (Rating Upgrade),1715320961.0
MSCI,MSCI Inc.,EU Bonds Lure Investors Betting on Entry to Sovereign Indexes,1715320800.0
MTD,Mettler-Toledo International Inc.,Baron Small Cap Fund Q1 2024 Shareholder Letter,1715312100.0
MYE,"Myers Industries, Inc.","Myers Industries, Inc. Just Missed EPS By 72%: Here's What Analysts Think Will Happen Next",1715338047.0
NEM,Newmont Corporation,B2Gold: Time To Load Up,1715307681.0
NNI,"Nelnet, Inc.","Most Shareholders Will Probably Find That The Compensation For Nelnet, Inc.'s (NYSE:NNI) CEO Is Reasonable",1715335558.0
NNN,"NNN REIT, Inc.",Simon Property Group: Still A Buy For Long-Term Dividend Growth Investors,1715328000.0
NOMD,Nomad Foods Limited,Nomad Foods : Q1 2024 Earnings Presentation Transcript,1715316373.0
NOW,"ServiceNow, Inc.",ServiceNow and IBM Collaborate to Accelerate the Impact of Generative AI Across the Enterprise,1715320844.0
NOW,"ServiceNow, Inc.",ServiceNow showcases generative AI service agents using NVIDIA AI Enterprise software,1715320842.0
NOW,"ServiceNow, Inc.",ServiceNow adds powerful new solutions to the Now Platform to transform the employee experience and simplify work across the enterprise,1715320841.0
NOW,"ServiceNow, Inc.","ServiceNow and Microsoft expand strategic alliance, combining generative AI capabilities to enhance choice and flexibility",1715320841.0
NOW,"ServiceNow, Inc.",ServiceNow announces expansion of strategic relationship with Equinix to streamline operations of digital infrastructure,1715320755.0
NRDY,"Nerdy, Inc.",Grayville Community School District 1 Announces Partnership with Varsity Tutors for Schools to Provide Live and On-Demand Learning Resources for All Students,1715338800.0
NRDY,"Nerdy, Inc.","Here's What Analysts Are Forecasting For Nerdy, Inc. (NYSE:NRDY) After Its First-Quarter Results",1715338632.0
NVO,Novo Nordisk A/S,Novo Nordisk enters deal to develop obesity therapy,1715330518.0
NVO,Novo Nordisk A/S,EDEN: European Beacon,1715306905.0
O,Realty Income Corporation,Simon Property Group: Still A Buy For Long-Term Dividend Growth Investors,1715328000.0
O,Realty Income Corporation,Gladstone Commercial: Solidified For The Future,1715321827.0
OFG,OFG Bancorp,OFG Bancorp First Quarter 2024 Earnings: EPS Beats Expectations,1715338997.0
ONTO,Onto Innovation Inc.,Decoding Onto Innovation Inc (ONTO): A Strategic SWOT Insight,1715317318.0
PFE,Pfizer Inc.,How To Build An 8% Yielding SWAN Portfolio With 10 Blue Chips,1715324400.0
PFE,Pfizer Inc.,Decoding Pfizer Inc (PFE): A Strategic SWOT Insight,1715317356.0
PLNT,"Planet Fitness, Inc.",News Highlights : Top Company News of the Day - Friday at 5 AM ET,1715318172.0
PLNT,"Planet Fitness, Inc.",Baron Small Cap Fund Q1 2024 Shareholder Letter,1715312100.0
PLNT,"Planet Fitness, Inc.",News Highlights : Top Company News of the Day - Friday at 3 AM ET,1715310968.0
PLNT,"Planet Fitness, Inc.",Q1 2024 Planet Fitness Inc Earnings Call,1715309997.0
PLNT,"Planet Fitness, Inc.",News Highlights : Top Company News of the Day - Friday at 1 AM ET,1715303782.0
PLTR,Palantir Technologies Inc.,Cathie Wood goes bargain hunting in beat-down tech stocks,1715301180.0
RBLX,Roblox Corporation,Decoding Roblox Corp (RBLX): A Strategic SWOT Insight,1715317582.0
RBLX,Roblox Corporation,Q1 2024 Roblox Corp Earnings Call,1715308886.0
RBLX,Roblox Corporation,Roblox Stock (NYSE:RBLX): The Winning Move Is Not Playing This Game,1715300705.0
RH,RH,Exploring Three US Growth Companies With High Insider Ownership,1715301938.0
RHI,Robert Half Inc.,Insider Sale: Director Dirk Kempthorne Sells Shares of Robert Half Inc (RHI),1715323293.0
RIO,Rio Tinto Group,"Rio Tinto had considered a bid for BHP-target Anglo American, AFR reports",1715311636.0
RJF,"Raymond James Financial, Inc.",Raymond James establishes new private credit business,1715320885.0
RNG,"RingCentral, Inc.",RingCentral to Present at Upcoming Investor Conferences,1715328186.0
ROK,"Rockwell Automation, Inc.",AMCI PLC Module Selection Assistance,1715324497.0
SAFE,Safehold Inc.,Star Holdings Reports First Quarter 2024 Results,1715325547.0
SAN,"Banco Santander, S.A.",Best savings accounts that offer above inflation rates,1715339879.0
SBH,"Sally Beauty Holdings, Inc.",Winmark: Shares Have Gotten Too Pricey,1715317133.0
SBH,"Sally Beauty Holdings, Inc.","Sally Beauty Holdings, Inc. (SBH) Q2 2024 Earnings Call Transcript",1715314808.0
SHCO,Soho House & Co Inc.,Soho House & Co Inc. Announces First Quarter 2024 Results,1715326267.0
SHCO,Soho House & Co Inc.,Soho House : Read our 2023 ESG Report,1715326208.0
SHOP,Shopify Inc.,Cathie Wood goes bargain hunting in beat-down tech stocks,1715301180.0
SHOP,Shopify Inc.,JMP Securities Upgrades Shopify (SHOP),1715300331.0
SITE,"SiteOne Landscape Supply, Inc.",Baron Small Cap Fund Q1 2024 Shareholder Letter,1715312100.0
SIX,Six Flags Entertainment Corporation,Q1 2024 Cedar Fair LP Earnings Call,1715320039.0
SLVM,Sylvamo Corporation,"Sylvamo First Quarter Results Meet Expectations, Strong Second Quarter Outlook Reflects Improving Conditions",1715324466.0
SN,"SharkNinja, Inc.",SharkNinja : First Quarter 2024 Transcript,1715329451.0
SNOW,Snowflake Inc.,Baron Global Advantage Fund Q1 2024 Shareholder Letter,1715312400.0
SONY,Sony Group Corporation,"Sony Plans Bid Versus Blackstone, KKR for $1.3 Billion Manga App",1715312624.0
SPB,"Spectrum Brands Holdings, Inc.",Q2 2024 Spectrum Brands Holdings Inc Earnings Call,1715309747.0
SPG,"Simon Property Group, Inc.",Simon Property Group: Still A Buy For Long-Term Dividend Growth Investors,1715328000.0
SPGI,S&P Global Inc.,Ten Stocks Squat On 34% Of The S&P 500's Cash Pile,1715342445.0
SPGI,S&P Global Inc.,Baron Durable Advantage Fund Q1 2024 Shareholder Letter,1715301000.0
SPHR,Sphere Entertainment Co.,Sphere Entertainment: Fiscal Q3 Earnings Snapshot,1715326929.0
SPHR,Sphere Entertainment Co.,SPHERE ENTERTAINMENT CO. REPORTS FISCAL 2024 THIRD QUARTER RESULTS,1715326271.0
SPHR,Sphere Entertainment Co.,MADISON SQUARE GARDEN ENTERTAINMENT CORP. REPORTS FISCAL 2024 THIRD QUARTER RESULTS | Madison Square Garden Entertainment Corp. (MSGE),1715319070.0
SRE,Sempra,Sempra Just Missed Revenue By 35%: Here's What Analysts Think Will Happen Next,1715338592.0
STE,STERIS plc,Q4 2024 STERIS plc Earnings Call,1715307948.0
SUN,Sunoco LP,Sunoco LP's Dividend Analysis,1715339135.0
SUN,Sunoco LP,Fitch Withdraws Rating on Sunoco LP's Senior Secured Revolving Credit Facility,1715320845.0
T,AT&T Inc.,2 Lower-Risk Big Dividends I Am Buying,1715329800.0
TAK,Takeda Pharmaceutical Company Limited,Takeda Pharmaceutical Company Limited (TAK) Fiscal Year 2023 Earnings Call Transcript,1715304430.0
TAL,TAL Education Group,Exploring Three US Growth Companies With High Insider Ownership,1715301938.0
TCS,"The Container Store Group, Inc.",Winmark: Shares Have Gotten Too Pricey,1715317133.0
TDC,Teradata Corporation,"Zacks.com featured highlights include Teradata,  Frontdoor, Grand Canyon and Planet Labs",1715334300.0
TDG,TransDigm Group Incorporated,TransDigm Group Incorporated (TDG) Rose as Air Travel Continued to Rebound,1715334963.0
TDG,TransDigm Group Incorporated,Decoding TransDigm Group Inc (TDG): A Strategic SWOT Insight,1715317348.0
TDG,TransDigm Group Incorporated,Baron Small Cap Fund Q1 2024 Shareholder Letter,1715312100.0
TDW,Tidewater Inc.,"Insider Sale: Tidewater Inc (TDW) Director, President & CEO Quintin Kneen Sells 150,000 Shares",1715324947.0
TDW,Tidewater Inc.,"Insider Sale: EVP, CFO & CAO Samuel Rubio Sells 24,396 Shares of Tidewater Inc (TDW)",1715324941.0
TDW,Tidewater Inc.,"Insider Sale: EVP & GENERAL COUNSEL Daniel Hudson Sells 20,000 Shares of Tidewater Inc (TDW)",1715324926.0
TFC,Truist Financial Corporation,Decoding Truist Financial Corp (TFC): A Strategic SWOT Insight,1715317411.0
TGNA,TEGNA Inc.,TEGNA Names David Loving President and General Manager at KHOU and KTBU in Houston - TEGNA,1715323088.0
TGT,Target Corporation,Target Corporation: Improvements In Performance Will Be Difficult,1715311730.0
TM,Toyota Motor Corporation,"Honda Motor Expects Annual Profit Fall, Announces Share Buyback",1715323680.0
TM,Toyota Motor Corporation,Japan sales fall 11% in April,1715332930.0
TPR,"Tapestry, Inc.",Q3 2024 Tapestry Inc Earnings Call,1715307651.0
TREX,"Trex Company, Inc.",Decoding Trex Co Inc (TREX): A Strategic SWOT Insight,1715317404.0
TRGP,Targa Resources Corp.,"Insider Sale: Director Charles Crisp Sells 7,000 Shares of Targa Resources Corp (TRGP)",1715323302.0
TRP,TC Energy Corporation,How To Build An 8% Yielding SWAN Portfolio With 10 Blue Chips,1715324400.0
TSM,Taiwan Semiconductor Manufacturing Company Limited,TSMC Keeps Sales Growth Up in April as AI Drives 60% Jump,1715319258.0
TSM,Taiwan Semiconductor Manufacturing Company Limited,Dow Jones Futures Rise; Nvidia Chipmaker Taiwan Semi On Tap With 5 AI Stocks Near Buy Points,1715306053.0
TSM,Taiwan Semiconductor Manufacturing Company Limited,Baron Durable Advantage Fund Q1 2024 Shareholder Letter,1715301000.0
TSM,Taiwan Semiconductor Manufacturing Company Limited,Dow Jones Rises Again; Nvidia Chipmaker Taiwan Semi On Tap With 5 AI Stocks Near Buy Points,1715289673.0
TSN,"Tyson Foods, Inc.","Beyond Meat pressure, Tyson’s chicken challenge, Hain pains, Green Giant future – Just Food’s week in data",1715337663.0
TWLO,Twilio Inc.,Twilio: Cathie Wood Completely Exits,1715327797.0
UBER,"Uber Technologies, Inc.",Is Uber Technologies Stock Going to $100? 1 Wall Street Analyst Thinks So,1715330100.0
UBER,"Uber Technologies, Inc.",Uber: Nearing The 'Buy Zone' (Technical Analysis),1715329800.0
UI,Ubiquiti Inc.,Ubiquiti: Fiscal Q3 Earnings Snapshot,1715325920.0
UI,Ubiquiti Inc.,Ubiquiti : Q3 2024,1715325371.0
UI,Ubiquiti Inc.,Ubiquiti Inc. Reports Third Quarter Fiscal 2024 Financial Results,1715324645.0
UNH,UnitedHealth Group Incorporated,Decoding UnitedHealth Group Inc (UNH): A Strategic SWOT Insight,1715317298.0
UNH,UnitedHealth Group Incorporated,Baron Durable Advantage Fund Q1 2024 Shareholder Letter,1715301000.0
UNP,Union Pacific Corporation,"Big Boy No. 4014 Returns this Summer with Public Display Days in Roseville, California and Ogden, Utah",1715318891.0
UNP,Union Pacific Corporation,"On This Day: IRS apologizes for targeting Tea Party, 'patriots'",1715311268.0
USFD,US Foods Holding Corp.,Decoding US Foods Holding Corp (USFD): A Strategic SWOT Insight,1715317300.0
USFD,US Foods Holding Corp.,Q1 2024 US Foods Holding Corp Earnings Call,1715314856.0
V,Visa Inc.,Baron Durable Advantage Fund Q1 2024 Shareholder Letter,1715301000.0
VICI,VICI Properties Inc.,How To Build An 8% Yielding SWAN Portfolio With 10 Blue Chips,1715324400.0
VLTO,Veralto Corporation,Baron Durable Advantage Fund Q1 2024 Shareholder Letter,1715301000.0
VRT,Vertiv Holdings Co,Baron Small Cap Fund Q1 2024 Shareholder Letter,1715312100.0
WAL,Western Alliance Bancorporation,"NewtekOne Stock: 10%+ Higher On Q1 Earnings, But Still Cheap?",1715324400.0
WCN,"Waste Connections, Inc.",Baron Small Cap Fund Q1 2024 Shareholder Letter,1715312100.0
WELL,Welltower Inc.,Equinix Affirms Financial Reporting Accuracy After Independent Review,1715319098.0
WHD,"Cactus, Inc.",Insider Selling at Cactus Inc (WHD): EVP and Secretary William Marsh Sells Shares,1715323339.0
WMT,Walmart Inc.,Q1 2024 BRC Inc Earnings Call,1715325951.0
WMT,Walmart Inc.,Target Corporation: Improvements In Performance Will Be Difficult,1715311730.0
WPM,Wheaton Precious Metals Corp.,Wheaton Precious Metals (WPM) Q1 Earnings: Taking a Look at Key Metrics Versus Estimates,1715299203.0
WRBY,Warby Parker Inc.,Q1 2024 Warby Parker Inc Earnings Call,1715317097.0
WRBY,Warby Parker Inc.,Warby Parker (WRBY) Q1 2024 Earnings Call Transcript,1715309113.0
WSR,Whitestone REIT,Whitestone REIT Urges Shareholders to Support Its Highly Qualified Trustee Nominees at the Annual Meeting on May 14 – Vote Today Using the White Proxy Card,1715328008.0
WT,"WisdomTree, Inc.",WisdomTree Reports Monthly Metrics for April 2024,1715328066.0
WTTR,"Select Water Solutions, Inc.",Citigroup Upgrades Select Water Solutions (WTTR),1715300430.0
WWW,"Wolverine World Wide, Inc.",Williams Trading Upgrades Wolverine World Wide (WWW),1715324896.0
WY,Weyerhaeuser Company,Weyerhaeuser Company Declares Dividend on Common Shares,1715300100.0
X,United States Steel Corporation,Baron Small Cap Fund Q1 2024 Shareholder Letter,1715312100.0
XOM,Exxon Mobil Corporation,"UPDATE 1-Calpers weighs voting against Exxon CEO's re-election as board chair, FT reports",1715318155.0
XOM,Exxon Mobil Corporation,"Calpers weighs voting against Exxon CEO's re-election as board chair, FT reports",1715315102.0
XOM,Exxon Mobil Corporation,Calpers weighs vote against Exxon CEO in protest over climate lawsuit,1715313636.0
XOM,Exxon Mobil Corporation,"Calpers weighs vote against Exxon CEO, FT reports",1715299984.0
YALA,Yalla Group Limited,"Yalla Group Limited to Report First Quarter 2024 Financial Results on May 20, 2024 Eastern Time",1715335200.0
YETI,"YETI Holdings, Inc.","YETI Holdings First Quarter 2024 Earnings: Revenues Beat Expectations, EPS Lags",1715335619.0
YETI,"YETI Holdings, Inc.",Q1 2024 Yeti Holdings Inc Earnings Call,1715313352.0
YPF,YPF Sociedad Anónima,ARGT: Pro-Capitalist Reforms Spark A Major Rally In Argentina Equities,1715316492.0
YUM,"Yum! Brands, Inc.","Yum! Brands, Inc. Just Missed EPS By 12%: Here's What Analysts Think Will Happen Next",1715336623.0
AAPL,Apple Inc.,Apple apologises after iPad advert backlash,1715332081.0
AAPL,Apple Inc.,News Highlights : Top Company News of the Day - Friday at 7 AM ET,1715325343.0
AAPL,Apple Inc.,"Foxconn's Q1 profit to jump from low base, AI to power growth",1715323475.0
AAPL,Apple Inc.,"Biden Set to Impose Tariffs on China EVs, Strategic Sectors",1715310470.0
AAPL,Apple Inc.,Apple Apologizes for iPad Ad Depicting Crushed Creative Tools,1715289060.0
AAPL,Apple Inc.,"Apple apologizes for iPad Pro 'Crush' ad, Ad Age says",1715303286.0
AAPL,Apple Inc.,"CORRECTED-Apple apologizes for iPad Pro 'Crush' ad, Ad Age says",1715303172.0
AAPL,Apple Inc.,MORNING BID EUROPE-Rate cut hopes fan risk rally,1715301370.0
AAPL,Apple Inc.,Baron Durable Advantage Fund Q1 2024 Shareholder Letter,1715301000.0
ACAD,ACADIA Pharmaceuticals Inc.,"ACADIA Pharmaceuticals First Quarter 2024 Earnings: EPS Beats Expectations, Revenues Lag",1715342327.0
ACGL,Arch Capital Group Ltd.,Decoding Arch Capital Group Ltd (ACGL): A Strategic SWOT Insight,1715317552.0
ADBE,Adobe Inc.,Baron Durable Advantage Fund Q1 2024 Shareholder Letter,1715301000.0
ADSK,"Autodesk, Inc.","Class Action Filed Against Autodesk, Inc. (ADSK) Seeking Recovery for Investors - Contact The Gross Law Firm",1715319975.0
ADV,Advantage Solutions Inc.,Q1 2024 Advantage Solutions Inc Earnings Call,1715319256.0
AEIS,"Advanced Energy Industries, Inc.",Advanced Energy to Participate at Upcoming Investor Conferences,1715335200.0
AFCG,"AFC Gamma, Inc.",Q1 2024 AFC Gamma Inc Earnings Call,1715324183.0
AFRM,"Affirm Holdings, Inc.",Affirm : Q3 2024 Earnings Transcript,1715305267.0
AGYS,"Agilysys, Inc.",Marriott selects Agilysys’ InfoGenesis POS for US and Canada properties,1715335332.0
AKAM,"Akamai Technologies, Inc.","These Stocks Are Moving the Most Today: Novavax, Akamai, Tesla, Taiwan Semi, SoundHound, JFrog, Dropbox, Yelp, and More",1715337240.0
AKAM,"Akamai Technologies, Inc.",Akamai Is Named a 2024 Stevie Award Winner,1715320846.0
AKAM,"Akamai Technologies, Inc.",Decoding Akamai Technologies Inc (AKAM): A Strategic SWOT Insight,1715317476.0
AKAM,"Akamai Technologies, Inc.","Akamai: higher quarterly EPS, but disappointing targets",1715306727.0
AKRO,"Akero Therapeutics, Inc.",Akero Therapeutics Reports First Quarter 2024 Financial Results and Provides Business Update,1715324527.0
ALGM,"Allegro MicroSystems, Inc.",Q4 2024 Allegro Microsystems Inc Earnings Call,1715309494.0
ALGT,Allegiant Travel Company,Allegiant Travel Company Stock Fails To Impress: Is There Upside?,1715299711.0
ALT,"Altimmune, Inc.","The Gross Law Firm Announces the Filing of a Securities Class Action on Behalf of Altimmune, Inc.(ALT) Shareholders",1715319975.0
AMAT,"Applied Materials, Inc.",Dow Jones Rises Again; Nvidia Chipmaker Taiwan Semi On Tap With 5 AI Stocks Near Buy Points,1715289673.0
AMCX,AMC Networks Inc.,AMC Networks (NASDAQ:AMCX) Misses Q1 Revenue Estimates,1715339659.0
AMCX,AMC Networks Inc.,AMC Networks Inc. Reports First Quarter 2024 Results,1715338800.0
AMCX,AMC Networks Inc.,AMC Networks: Q1 Earnings Snapshot,1715325623.0
AMCX,AMC Networks Inc.,AMC : 2024 First Quarter Earnings Release,1715325148.0
AMTX,"Aemetis, Inc.","Aemetis (AMTX) Reports Q1 Loss, Lags Revenue Estimates",1715300102.0
AMZN,"Amazon.com, Inc.",Will Amazon Finally Hit This Momentous Milestone in 2024?,1715341860.0
AMZN,"Amazon.com, Inc.",Bundles Are the Hottest New Show in Streaming,1715333400.0
AMZN,"Amazon.com, Inc.","Here's the Best ""Magnificent Seven"" Stock to Buy Right Now, According to Wall Street (Hint: Not Nvidia)",1715333400.0
AMZN,"Amazon.com, Inc.","After Strong Q1 Results Powered by Artificial Intelligence, Is Now the Time to Buy Amazon Stock?",1715328000.0
AMZN,"Amazon.com, Inc.",Q1 2024 Yeti Holdings Inc Earnings Call,1715313352.0
AMZN,"Amazon.com, Inc.",Baron Durable Advantage Fund Q1 2024 Shareholder Letter,1715301000.0
ANIP,"ANI Pharmaceuticals, Inc.",ANI: Q1 Earnings Snapshot,1715324350.0
ANIP,"ANI Pharmaceuticals, Inc.",ANI Pharmaceuticals Reports Record First Quarter 2024 Financial Results and Reiterates 2024 Guidance,1715323811.0
APP,AppLovin Corporation,AppLovin: Remains A 'Strong Buy' After Post-Earnings Surge (SA Quant),1715324400.0
ARCC,Ares Capital Corporation,FS KKR: The Recovery Has Just Started And The Upside Is Still Huge,1715318417.0
ARRY,"Array Technologies, Inc.","Array Technologies, Inc. (ARRY) Q1 2024 Earnings Call Transcript",1715302210.0
ASML,ASML Holding N.V.,Baron Global Advantage Fund Q1 2024 Shareholder Letter,1715312400.0
ATEC,"Alphatec Holdings, Inc.",Alphatec: Continued Losses Cause Continued Dilution,1715328742.0
AVGO,Broadcom Inc.,Baron Funds - Broadcom Inc.: Tailwinds Creating An Attractive Opportunity,1715327400.0
AVGO,Broadcom Inc.,Baron Durable Advantage Fund Q1 2024 Shareholder Letter,1715301000.0
AVXL,Anavex Life Sciences Corp.,Shareholders that lost money on Anavex Life Sciences Corporation(AVXL) Urged to Join Class Action - Contact The Gross Law Firm to Learn More,1715319973.0
AXNX,"Axonics, Inc.",Baron Small Cap Fund Q1 2024 Shareholder Letter,1715312100.0
AXSM,"Axsome Therapeutics, Inc.",Why Axsome Therapeutics Is A Promising Stock Pick In CNS Treatments,1715315818.0
BAND,Bandwidth Inc.,US$28.43 - That's What Analysts Think Bandwidth Inc. (NASDAQ:BAND) Is Worth After These Results,1715339405.0
BAND,Bandwidth Inc.,Bandwidth: Strong FCF Generation And Promising Growth Prospects Ahead,1715319141.0
BATRK,"Atlanta Braves Holdings, Inc.",Atlanta Braves Holdings First Quarter 2024 Earnings: EPS Misses Expectations,1715336813.0
BCPC,Balchem Corporation,Balchem: A Tale Of Two Businesses,1715316844.0
BDSX,"Biodesix, Inc.","Biodesix, Inc. (BDSX) Q1 2024 Earnings Call Transcript",1715303163.0
BFST,"Business First Bancshares, Inc.","Is It Smart To Buy Business First Bancshares, Inc. (NASDAQ:BFST) Before It Goes Ex-Dividend?",1715335838.0
BIDU,"Baidu, Inc.",Baidu executive leaves tech company after ‘I’m not your mum’ outburst,1715323020.0
BIDU,"Baidu, Inc.",PR executive reportedly departs China's Baidu after comments glorifying overwork draw backlash,1715313233.0
BIDU,"Baidu, Inc.",Baidu Executive Quits After Reviving Toxic Work Culture Debate,1715303153.0
BMBL,Bumble Inc.,Is It Time To Consider Buying Bumble Inc. (NASDAQ:BMBL)?,1715338284.0
BPOP,"Popular, Inc.",Popular Announces Appointment of Javier D. Ferrer as President and Chief Operating Officer,1715328186.0
BSRR,Sierra Bancorp,"Insider Selling at Sierra Bancorp: EVP/Chief Banking Officer Michael Olague Sells 4,753 Shares",1715323137.0
BSY,"Bentley Systems, Incorporated","Earnings Beat: Bentley Systems, Incorporated Just Beat Analyst Forecasts, And Analysts Have Been Updating Their Models",1715337282.0
BSY,"Bentley Systems, Incorporated",Decoding Bentley Systems Inc (BSY): A Strategic SWOT Insight,1715317390.0
CAN,Canaan Inc.,"Canaan Inc. to Report First Quarter 2024 Financial Results on May 17, 2024",1715335200.0
CARG,"CarGurus, Inc.","CarGurus, Inc. (CARG) Q1 2024 Earnings Call Transcript",1715314087.0
CCEP,Coca-Cola Europacific Partners PLC,Coca Cola Europacific Partners : Letter to Shareholders,1715307291.0
CCRN,"Cross Country Healthcare, Inc.",Cross Country Healthcare : A Day in the Life of a Travel Nurse,1715320808.0
CEG,Constellation Energy Corporation,"Constellation Energy First Quarter 2024 Earnings: EPS Beats Expectations, Revenues Lag",1715337144.0
CGNX,Cognex Corporation,Baron Small Cap Fund Q1 2024 Shareholder Letter,1715312100.0
CHEF,"The Chefs' Warehouse, Inc.","Chefs' Warehouse Stock: A Solid Start To 2024, But Valuation Appears Fully Cooked",1715325378.0
CHRS,"Coherus BioSciences, Inc.","Coherus BioSciences, Inc. (CHRS) Q1 2024 Earnings Call Transcript",1715299627.0
CLFD,"Clearfield, Inc.",Clearfield Second Quarter 2024 Earnings: Beats Expectations,1715335511.0
CNSL,"Consolidated Communications Holdings, Inc.",Consolidated Communications Recognized as Top 10 National Provider with Fastest Real-World Speeds from BroadbandNow,1715323028.0
COLL,"Collegium Pharmaceutical, Inc.","Collegium Pharmaceutical, Inc.'s (NASDAQ:COLL) CEO Looks Like They Deserve Their Pay Packet",1715335901.0
COMM,"CommScope Holding Company, Inc.",Q1 2024 CommScope Holding Company Inc Earnings Call,1715320996.0
CRCT,"Cricut, Inc.",Artists Honor Moms this Mother’s Day with Murals in Four Major U.S. Cities,1715328186.0
CROX,"Crocs, Inc.","US quarterly financial digest: Crocs, Wolverine Worldwide, Delta Apparel",1715337117.0
CROX,"Crocs, Inc.",Crocs expands shoe takeback programme across US,1715335316.0
CRUS,"Cirrus Logic, Inc.",Why Cirrus Logic Was Rocketing Higher This Week,1715339726.0
CRUS,"Cirrus Logic, Inc.","Results: Cirrus Logic, Inc. Beat Earnings Expectations And Analysts Now Have New Forecasts",1715338934.0
CRWD,"CrowdStrike Holdings, Inc.",Baron Global Advantage Fund Q1 2024 Shareholder Letter,1715312400.0
CSCO,"Cisco Systems, Inc.",Cisco Schedules Conference Call for Q3 Fiscal Year 2024 Financial Results,1715320840.0
CSCO,"Cisco Systems, Inc.",Cisco Unlocks AI-Powered Intelligence for Self-Hosted Observability,1715320840.0
CSCO,"Cisco Systems, Inc.",Q1 2024 Paltalk Inc Earnings Call,1715309608.0
CSGP,"CoStar Group, Inc.",Baron Funds - CoStar Group: A Disruption Opportunity Worth $2B Incremental Revenue,1715328600.0
CSGP,"CoStar Group, Inc.",Baron Durable Advantage Fund Q1 2024 Shareholder Letter,1715301000.0
CSTL,"Castle Biosciences, Inc.",Castle Biosciences’ IDgenetix® Test Receives 2024 MedTech Breakthrough Award for “Best Overall Mental Health Solution”,1715324467.0
CTLP,"Cantaloupe, Inc.","Cantaloupe, Inc. (CTLP) Q3 2024 Earnings Call Transcript",1715308388.0
CVLT,"Commvault Systems, Inc.",Bull of the Day: Commvault Systems (CVLT),1715335200.0
CZR,"Caesars Entertainment, Inc.","FBI working towards nabbing Scattered Spider hackers, official says",1715325045.0
DCBO,Docebo Inc.,Docebo Inc. 2024 Q1 - Results - Earnings Call Presentation,1715328850.0
DIOD,Diodes Incorporated,Diodes Incorporated 2024 Q1 - Results - Earnings Call Presentation,1715327505.0
DIOD,Diodes Incorporated,Diodes Incorporated (DIOD) Q1 2024 Earnings Call Transcript,1715327425.0
DORM,"Dorman Products, Inc.",Dorman Products: The Average Age Of U.S. Vehicles Is Rising,1715308958.0
DSP,Viant Technology Inc.,Cigna Insurance Plan Participants Urge Court To Certify Class On Allegedly Underpaid Claims,1715307671.0
DXCM,"DexCom, Inc.",Baron Small Cap Fund Q1 2024 Shareholder Letter,1715312100.0
ECPG,"Encore Capital Group, Inc.",Encore Capital Group First Quarter 2024 Earnings: EPS Misses Expectations,1715336874.0
EDIT,"Editas Medicine, Inc.",Editas Medicine Preclinical Data Highlights Advancement of in vivo Gene Editing Medicine Technologies at the American Society of Gene and Cell Therapy Annual Meeting,1715320808.0
EQIX,"Equinix, Inc.",Equinix (EQIX) Q1 2024 Earnings Call Transcript,1715320811.0
EQIX,"Equinix, Inc.","EQIX LAWSUIT ALERT: The Gross Law Firm Notifies Equinix, Inc. Investors of a Class Action Lawsuit and Upcoming Deadline",1715319975.0
EQIX,"Equinix, Inc.",Equinix Affirms Financial Reporting Accuracy After Independent Review,1715319098.0
EWTX,"Edgewise Therapeutics, Inc.","Edgewise Therapeutics to Present at the RBC Capital Markets Global Healthcare Conference on May 15, 2024",1715328067.0
EXC,Exelon Corporation,Delivering More Than Energy: Delmarva Power's Community Impact Shines During National Volunteer Month,1715312828.0
EXPO,"Exponent, Inc.","Baron Funds - Exponent, Inc.: Rare Pause In Annual Growth Offers An Opportunity",1715330400.0
EXPO,"Exponent, Inc.",Baron Small Cap Fund Q1 2024 Shareholder Letter,1715312100.0
EYE,"National Vision Holdings, Inc.",Winmark: Shares Have Gotten Too Pricey,1715317133.0
FCNCA,"First Citizens BancShares, Inc.",Decoding First Citizens BancShares Inc (FCNCA): A Strategic SWOT Insight,1715317341.0
FLEX,Flex Ltd.,"Insider Sale: Group President Kwang Tan Sells 22,626 Shares of Flex Ltd (FLEX)",1715324833.0
FLEX,Flex Ltd.,"Insider Selling: CFO Paul Lundstrom Sells 35,733 Shares of Flex Ltd (FLEX)",1715324833.0
FLNC,"Fluence Energy, Inc.",Q2 2024 Fluence Energy Inc Earnings Call,1715322681.0
FLYW,Flywire Corporation,Flywire to Attend Upcoming Investor Conferences,1715329815.0
FOXF,Fox Factory Holding Corp.,Baron Small Cap Fund Q1 2024 Shareholder Letter,1715312100.0
FTCI,"FTC Solar, Inc.",FTC Solar Announces First Quarter 2024 Financial Results,1715337000.0
FTCI,"FTC Solar, Inc.",FTC Solar: Q1 Earnings Snapshot,1715323331.0
GDRX,"GoodRx Holdings, Inc.","GoodRx Holdings, Inc. Sued for Securities Law Violations - Investors Should Contact The Gross Law Firm Before June 21, 2024 to Discuss Your Rights - GDRX",1715319974.0
GH,"Guardant Health, Inc.","Guardant Health, Inc. (GH) Q1 2024 Earnings Call Transcript",1715320569.0
GNTX,Gentex Corporation,Most Shareholders Will Probably Find That The CEO Compensation For Gentex Corporation (NASDAQ:GNTX) Is Reasonable,1715336294.0
GO,Grocery Outlet Holding Corp.,Grocery Outlet Holding Corp. Just Reported A Surprise Loss: Here's What Analysts Think Will Happen Next,1715339488.0
GOGL,Golden Ocean Group Limited,Shareholder Disclosure Notification,1715307848.0
GOOD,Gladstone Commercial Corporation,Gladstone Commercial: Solidified For The Future,1715321827.0
GOOG,Alphabet Inc.,"After Strong Q1 Results Powered by Artificial Intelligence, Is Now the Time to Buy Amazon Stock?",1715328000.0
GOOG,Alphabet Inc.,Wall Street Breakfast Podcast: U.S. To Impose Tariffs On Chinese EVs - Report,1715323932.0
GOOG,Alphabet Inc.,Meta: The Market Is Wrong About AI CapEx,1715311368.0
GOOG,Alphabet Inc.,Meta Platforms Stock (NASDAQ:META): Will Its Colossal Gains Continue or Reverse?,1715309722.0
GOOG,Alphabet Inc.,Baron Durable Advantage Fund Q1 2024 Shareholder Letter,1715301000.0
GOOGL,Alphabet Inc.,"RPT-UPDATE 1-OpenAI plans to announce Google search competitor on Monday, sources say",1715340935.0
GOOGL,Alphabet Inc.,Reports Suggest Google Is Still Pursuing HubSpot. Here's What It Means for Investors.,1715337900.0
GOOGL,Alphabet Inc.,OpenAI to announce Google search competitor next week,1715337437.0
GOOGL,Alphabet Inc.,Google Gemini can now generate a cybersecurity response playbook,1715337430.0
GOOGL,Alphabet Inc.,"The Smartest Dividend Stocks to Buy With Under $1,000 Right Now",1715335860.0
GOOGL,Alphabet Inc.,"Welcome to the AI dystopia no one asked for, courtesy of Silicon Valley",1715335203.0
GOOGL,Alphabet Inc.,2 Artificial Intelligence ETFs to Buy Before the Stock Market Makes a New All-Time High,1715333100.0
GOOGL,Alphabet Inc.,"Zacks Investment Ideas feature highlights: Alphabet, PDD Holdings and PulteGroup",1715332440.0
GOOGL,Alphabet Inc.,"Despite Its Recent AI Blunders, This ""Magnificent Seven"" Stock Is Still a Buy and Hold",1715331600.0
GOOGL,Alphabet Inc.,Analysis: will US export curbs on proprietary AI models be effective?,1715331427.0
GOOGL,Alphabet Inc.,"After Strong Q1 Results Powered by Artificial Intelligence, Is Now the Time to Buy Amazon Stock?",1715328000.0
GOOGL,Alphabet Inc.,Wall Street Breakfast Podcast: U.S. To Impose Tariffs On Chinese EVs - Report,1715323932.0
GOOGL,Alphabet Inc.,Meta: The Market Is Wrong About AI CapEx,1715311368.0
GOOGL,Alphabet Inc.,Meta Platforms Stock (NASDAQ:META): Will Its Colossal Gains Continue or Reverse?,1715309722.0
GOOGL,Alphabet Inc.,Baron Durable Advantage Fund Q1 2024 Shareholder Letter,1715301000.0
GTLB,GitLab Inc.,Amazon ECR adds pull through cache support for GitLab.com,1715319431.0
GWRS,"Global Water Resources, Inc.",Global Water Resources Reports Results of Director Election,1715329866.0
HA,"Hawaiian Holdings, Inc.",Fitch Maintains Positive Watch on Hawaiian Holdings' 'B-' Rating Pending Alaska Merger Outcome,1715320844.0
HCKT,"The Hackett Group, Inc.","The Hackett Group, Inc. Just Beat Analyst Forecasts, And Analysts Have Been Updating Their Predictions",1715338350.0
HIBB,"Hibbett, Inc.",Winmark: Shares Have Gotten Too Pricey,1715317133.0
HONE,"HarborOne Bancorp, Inc.",Q4 2024 STERIS plc Earnings Call,1715307948.0
HUMA,"Humacyte, Inc.",Humacyte First Quarter 2024 Financial Results and Business Update,1715338800.0
ICLR,ICON Public Limited Company,Baron Small Cap Fund Q1 2024 Shareholder Letter,1715312100.0
IESC,"IES Holdings, Inc.","Insider Sale at IES Holdings Inc (IESC): President and COO Matthew Simmes Sells 14,000 Shares",1715324870.0
IIIV,"i3 Verticals, Inc.",I3 Verticals: Fiscal Q2 Earnings Snapshot,1715325010.0
IIIV,"i3 Verticals, Inc.",I3 Verticals Reports Second Quarter 2024 Financial Results,1715324526.0
INDI,"indie Semiconductor, Inc.",Baron Global Advantage Fund Q1 2024 Shareholder Letter,1715312400.0
INSM,Insmed Incorporated,"Insmed First Quarter 2024 Earnings: EPS Beats Expectations, Revenues Lag",1715335949.0
INTA,"Intapp, Inc.",Baron Small Cap Fund Q1 2024 Shareholder Letter,1715312100.0
INTU,Intuit Inc.,Baron Durable Advantage Fund Q1 2024 Shareholder Letter,1715301000.0
INVZ,Innoviz Technologies Ltd.,"Innoviz: Countdown To Dilution, Downgraded To Sell",1715319474.0
IPSC,"Century Therapeutics, Inc.",Century Therapeutics Presents Preclinical Data Highlighting Advances in iPSC Platform Technology and Programs at 2024 ASGCT Annual Meeting,1715324467.0
ITOS,"iTeos Therapeutics, Inc.",iTeos Reports First Quarter 2024 Financial Results and Provides Business Updates,1715343960.0
ITOS,"iTeos Therapeutics, Inc.",iTeos Therapeutics Announces $120 Million Registered Direct Offering,1715343840.0
IVVD,"Invivyd, Inc.",Invivyd : Q1 2024 Invivyd Earnings Conference Call,1715302267.0
JAKK,"JAKKS Pacific, Inc.","JAKKS Pacific First Quarter 2024 Earnings: Revenues Beat Expectations, EPS Lags",1715335480.0
JKHY,"Jack Henry & Associates, Inc.",Decoding Jack Henry & Associates Inc (JKHY): A Strategic SWOT Insight,1715317318.0
KDP,Keurig Dr Pepper Inc.,Q1 2024 BRC Inc Earnings Call,1715325951.0
LBRDA,Liberty Broadband Corporation,Liberty Broadband First Quarter 2024 Earnings: Misses Expectations,1715335886.0
LEGH,Legacy Housing Corporation,"Compared to Estimates, Legacy Housing (LEGH) Q1 Earnings: A Look at Key Metrics",1715301002.0
LEGH,Legacy Housing Corporation,Legacy Housing (LEGH) Tops Q1 Earnings and Revenue Estimates,1715299203.0
LI,Li Auto Inc.,Wall Street Breakfast Podcast: U.S. To Impose Tariffs On Chinese EVs - Report,1715323932.0
LI,Li Auto Inc.,Chinese EV Maker Zeekr Heads for US Listing at Reduced Valuation,1715316079.0
LKQ,LKQ Corporation,LKQ Corporation Executes Agreement to Sell Elit Polska in Poland to MEKO AB,1715321348.0
LPSN,"LivePerson, Inc.","LivePerson First Quarter 2024 Earnings: Revenues Beat Expectations, EPS Lags",1715339599.0
LQDA,Liquidia Corporation,Liquidia Announces Poster Presentation at the American Thoracic Society (ATS) 2024 International Conference on Its Open-Label Safety Study of L606 (Liposomal Treprostinil) in Patients with PAH and PH-ILD,1715328008.0
LQDT,"Liquidity Services, Inc.",Liquidity Services Second Quarter 2024 Earnings: Beats Expectations,1715343516.0
LQDT,"Liquidity Services, Inc.",Q2 2024 Liquidity Services Inc Earnings Call,1715319556.0
MAR,"Marriott International, Inc.",Marriott selects Agilysys’ InfoGenesis POS for US and Canada properties,1715335332.0
MAR,"Marriott International, Inc.",REDEFINING TODAY'S CHINESE LUXURY TRAVELERS: MARRIOTT INTERNATIONAL STUDY REVEALS DIGITAL JOURNEY AND EXPERIENTIAL LUXURY CRUCIAL FOR TRAVEL CHOICES IN 2024,1715310000.0
MARA,"Marathon Digital Holdings, Inc.","Marathon Digital: Q1 2024, Slipstream, And Early Post-Halving Indications",1715328000.0
MAT,"Mattel, Inc.",Insider Sale at Mattel Inc (MAT): EVP & Chief Supply Chain Officer Sells Shares,1715323170.0
MBUU,"Malibu Boats, Inc.","Malibu Boats, Inc. Sued for Securities Law Violations - Investors Should Contact The Gross Law Firm for More Information - MBUU",1715319974.0
MCRI,"Monarch Casino & Resort, Inc.",Monarch Casino & Resort First Quarter 2024 Earnings: EPS Misses Expectations,1715336449.0
MELI,"MercadoLibre, Inc.",ARGT: Pro-Capitalist Reforms Spark A Major Rally In Argentina Equities,1715316492.0
MELI,"MercadoLibre, Inc.",Baron Global Advantage Fund Q1 2024 Shareholder Letter,1715312400.0
META,"Meta Platforms, Inc.",Insider Sale: Jennifer Newstead Sells Shares of Meta Platforms Inc (META),1715323164.0
META,"Meta Platforms, Inc.",Meta: The Market Is Wrong About AI CapEx,1715311368.0
META,"Meta Platforms, Inc.",Australian regulator says Musk's X should not set limits of internet law,1715310029.0
META,"Meta Platforms, Inc.",Meta Platforms Stock (NASDAQ:META): Will Its Colossal Gains Continue or Reverse?,1715309722.0
META,"Meta Platforms, Inc.",Australia targets social media with parliamentary probe,1715306700.0
META,"Meta Platforms, Inc.",Baron Durable Advantage Fund Q1 2024 Shareholder Letter,1715301000.0
METC,"Ramaco Resources, Inc.",Ramaco Resources First Quarter 2024 Earnings: EPS: US$0.038 (vs US$0.57 in 1Q 2023),1715337065.0
MGNX,"MacroGenics, Inc.",MacroGenics (MGNX) Q1 2024 Earnings Call Transcript,1715321710.0
MGNX,"MacroGenics, Inc.","MacroGenics, Inc. (MGNX) Q1 2024 Earnings Call Transcript",1715302082.0
MKSI,"MKS Instruments, Inc.",Q1 2024 MKS Instruments Inc Earnings Call,1715308848.0
MNKD,MannKind Corporation,MannKind Corp (MNKD) Q1 2024 Earnings Call Transcript Highlights: A Quarter of Robust Growth ...,1715324477.0
MOMO,Hello Group Inc.,"Hello Group to Report First Quarter 2024 Results on May 28, 2024",1715320870.0
MRNA,"Moderna, Inc.","Moderna : FDA Extends RSV Vaccine Review, But No Issues Flagged",1715327367.0
MRNA,"Moderna, Inc.",US FDA pushes decision on Moderna's RSV vaccine to end of this month,1715324400.0
MSFT,Microsoft Corporation,UPDATE 1-US lawmakers unveil bill to make it easier to restrict exports of AI models,1715308861.0
MSFT,Microsoft Corporation,Baron Durable Advantage Fund Q1 2024 Shareholder Letter,1715301000.0
NCNO,"nCino, Inc.",Baron Small Cap Fund Q1 2024 Shareholder Letter,1715312100.0
NEOG,Neogen Corporation,Baron Small Cap Fund Q1 2024 Shareholder Letter,1715312100.0
NEWT,"NewtekOne, Inc.","NewtekOne Stock: 10%+ Higher On Q1 Earnings, But Still Cheap?",1715324400.0
NFLX,"Netflix, Inc.",Burberry Taps South Korean Actor Son Suk-ku as Brand Ambassador,1715299260.0
NOVT,Novanta Inc.,Novanta Inc. Beat Analyst Estimates: See What The Consensus Is Forecasting For This Year,1715338007.0
NTCT,"NetScout Systems, Inc.",NetScout Systems Full Year 2024 Earnings: Misses Expectations,1715343785.0
NTRS,Northern Trust Corporation,"The Zacks Analyst Blog Highlights ServiceNow, AECOM, Newmont, Northern Trust and Performance Food",1715335860.0
NTRS,Northern Trust Corporation,New Silk Road Investment Appoints Northern Trust to Provide Outsourced Trading Solutions,1715320755.0
NVDA,NVIDIA Corporation,TSMC Keeps Sales Growth Up in April as AI Drives 60% Jump,1715319258.0
NVDA,NVIDIA Corporation,The Dow Is a Terrible Index. But It Is Telling Us Something Important.,1715313960.0
NVDA,NVIDIA Corporation,Baron Global Advantage Fund Q1 2024 Shareholder Letter,1715312400.0
NVDA,NVIDIA Corporation,Dow Jones Futures Rise; Nvidia Chipmaker Taiwan Semi On Tap With 5 AI Stocks Near Buy Points,1715306053.0
NVDA,NVIDIA Corporation,Baron Durable Advantage Fund Q1 2024 Shareholder Letter,1715301000.0
NWS,News Corporation,Decoding News Corp (NWSA): A Strategic SWOT Insight,1715317650.0
NWSA,News Corporation,Decoding News Corp (NWSA): A Strategic SWOT Insight,1715317650.0
NXPI,NXP Semiconductors N.V.,"NXP Semiconductors MR-CANHUBK344 Evaluation Board, Now Available at Mouser, Supports Industrial, Automotive and Robotics Applications",1715331567.0
OLK,Olink Holding AB (publ),UK's CMA kicks off probe into Thermo Fisher-Olink deal,1715325018.0
ORGO,Organogenesis Holdings Inc.,Organogenesis (ORGO) Q1 2024 Earnings Call Transcript,1715301913.0
ORLY,"O'Reilly Automotive, Inc.",Decoding O'Reilly Automotive Inc (ORLY): A Strategic SWOT Insight,1715317677.0
OSIS,"OSI Systems, Inc.",Insider Sale: Director James Hawkins Sells Shares of OSI Systems Inc (OSIS),1715323201.0
OSPN,OneSpan Inc.,"OneSpan: Fairly Valued After Its Impressive Cost Cuts, But Is Not An Opportunity Yet",1715323698.0
PCRX,"Pacira BioSciences, Inc.","Pacira BioSciences, Inc. Announces Pricing of $250.0 Million Aggregate Principal Amount of 2.125% Convertible Senior Notes due 2029",1715324467.0
PDCO,"Patterson Companies, Inc.",Patterson Companies Announces Dental Leadership Transition,1715338800.0
PEGA,Pegasystems Inc.,"Pegasystems: Positive Cloud Uptake, But With Potential Macro Disruptions",1715327687.0
PEP,"PepsiCo, Inc.","The Ultimate Growth Stock to Buy With $1,000 Right Now",1715340420.0
PERI,Perion Network Ltd.,"Perion Network Ltd. Securities Fraud Class Action Lawsuit Pending: Contact The Gross Law Firm Before June 17, 2024 to Discuss Your Rights - PERI",1715319973.0
PLTK,Playtika Holding Corp.,Q1 2024 Playtika Holding Corp Earnings Call,1715319651.0
PLUS,ePlus inc.,EPlus Honored as Growth Partner of the Year by Varonis,1715329869.0
PLXS,Plexus Corp.,Insider Sale at Plexus Corp (PLXS): Regional President - APAC Tan Victor (Pang Hau) Sells Shares,1715324876.0
PRCH,"Porch Group, Inc.",Porch Group Announces Attendance At Upcoming Investor Events,1715331665.0
PRCH,"Porch Group, Inc.",Porch sues China Construction Bank in US over reinsurance fraud losses,1715314648.0
PTON,"Peloton Interactive, Inc.",Why trends are so intoxicating for investors — and dangerous: Morning Brief,1715335200.0
PZZA,"Papa John's International, Inc.",Papa John’s attributable net income slumps 34% in Q1 2024,1715328067.0
QDEL,QuidelOrtho Corporation,"Investors in QuidelOrtho Corporation f/k/a Quidel Corporation Should Contact The Gross Law Firm Before June 11, 2024 to Discuss Your Rights - QDEL",1715319974.0
RCKT,"Rocket Pharmaceuticals, Inc.",Rocket Pharmaceuticals Presents Positive Data from LV Hematology Portfolio at the 27th Annual Meeting of the American Society of Gene and Cell Therapy (ASGCT),1715335200.0
REGN,"Regeneron Pharmaceuticals, Inc.",Q1 2024 Intellia Therapeutics Inc Earnings Call,1715313196.0
RELY,"Remitly Global, Inc.",Remitly Announces May 2024 Investor Conference Participation,1715331607.0
RGLD,"Royal Gold, Inc.",Q1 2024 Royal Gold Inc Earnings Call,1715320462.0
RGNX,REGENXBIO Inc.,REGENXBIO to Participate in Upcoming Investor Conferences,1715324768.0
RIVN,"Rivian Automotive, Inc.","Shareholders that lost money on Rivian Automotive, Inc.(RIVN) should contact The Gross Law Firm about pending Class Action - RIVN",1715319974.0
RIVN,"Rivian Automotive, Inc.",Baron Global Advantage Fund Q1 2024 Shareholder Letter,1715312400.0
RLMD,"Relmada Therapeutics, Inc.","Relmada Therapeutics, Inc. (RLMD) Q1 2024 Earnings Call Transcript",1715325190.0
RRR,"Red Rock Resorts, Inc.",Baron Small Cap Fund Q1 2024 Shareholder Letter,1715312100.0
RWAY,Runway Growth Finance Corp.,Runway Growth Finance Corp. Announces Pricing of Secondary Offering of Common Stock by Selling Stockholder,1715302200.0
RXT,"Rackspace Technology, Inc.","Rackspace Technology, Inc. (RXT) Q1 2024 Earnings Call Transcript",1715311217.0
SBAC,SBA Communications Corporation,Baron Small Cap Fund Q1 2024 Shareholder Letter,1715312100.0
SBUX,Starbucks Corporation,"After a Tough Quarter, Is Starbucks a Buy?",1715328720.0
SBUX,Starbucks Corporation,Howard Schultz Is Back-Seat Driving Starbucks. That’s a Problem for His Successor.,1715302800.0
SEDG,"SolarEdge Technologies, Inc.",Solaredge Announces First Quarter 2024 Financial Results,1715320842.0
SFIX,"Stitch Fix, Inc.","Stitch Fix, Inc.'s (NASDAQ:SFIX) Intrinsic Value Is Potentially 99% Above Its Share Price",1715336241.0
SNY,Sanofi,Press Release: Sanofi and Novavax announce co-exclusive licensing agreement to co-commercialize COVID-19 vaccine and develop novel flu-COVID-19 combination vaccines,1715320800.0
SNY,Sanofi,Novavax and Sanofi Announce Co-exclusive Licensing Agreement to Co-commercialize COVID-19 Vaccine and Develop Novel COVID-19-Influenza Combination Vaccines,1715320800.0
SNY,Sanofi,Q1 2024 Royalty Pharma PLC Earnings Call,1715315659.0
SOFI,"SoFi Technologies, Inc.",Is SoFi a Millionaire Maker?,1715340180.0
SOFI,"SoFi Technologies, Inc.",SoFi Technologies First Quarter 2024 Earnings: Beats Expectations,1715336106.0
SPWH,"Sportsman's Warehouse Holdings, Inc.",Winmark: Shares Have Gotten Too Pricey,1715317133.0
SRAD,Sportradar Group AG,Fitch Assigns Ainavda Parentco AB First Time IDR 'B(EXP)'; Outlook Stable,1715320842.0
SRPT,"Sarepta Therapeutics, Inc.",Sarepta Therapeutics : P.413-251 Seo et al. In situ biodistribution & localization of SRP-9003 in LGMD2ER4 Mice,1715331974.0
SSTI,"SoundThinking, Inc.","SoundThinking to Present at the 19th Annual Needham Technology, Media, & Consumer Conference on May 15, 2024",1715329816.0
TLS,Telos Corporation,Telos : 1Q24 Earnings Call Presentation,1715330062.0
TLS,Telos Corporation,"Telos Corporation Announces First Quarter Results Above Guidance: Reports $29.6 Million of Revenue, 37.0% GAAP Gross Margin, and 42.2% Cash Gross Margin",1715328186.0
TMUS,"T-Mobile US, Inc.",T-Mobile to Offer New iPad Pro and iPad Air,1715320884.0
TROW,"T. Rowe Price Group, Inc.",T. ROWE PRICE GROUP REPORTS PRELIMINARY MONTH-END ASSETS UNDER MANAGEMENT FOR APRIL 2024,1715329869.0
TSLA,"Tesla, Inc.",Tesla to Spend Over $500 Million on Charger Network This Year,1715338200.0
TSLA,"Tesla, Inc.","Tesla to Spend More Than $500 Million to Expand Supercharger Network, Musk Says. The Stock Rises.",1715336640.0
TSLA,"Tesla, Inc.",Analysis-Tesla's EV charging team layoffs threaten to slow Biden's program to electrify highways,1715335343.0
TSLA,"Tesla, Inc.","Tesla, BYD, NIO in Crossfire as Report Says Biden Will Unveil Tariffs on China EVs",1715334780.0
TSLA,"Tesla, Inc.",Prediction: 3 Sensational Stocks That'll Be Worth Far More Than Tesla 2 Years From Now,1715332860.0
TSLA,"Tesla, Inc.",Tesla to Spend 'Well Over' $500 Million on Charger Network This Year -- Update,1715323638.0
TSLA,"Tesla, Inc.",Artificial Intelligence And The Law: Rise Of A New World,1715321534.0
TSLA,"Tesla, Inc.",China's April car sales swing to contraction despite NEV milestone,1715316113.0
TSLA,"Tesla, Inc.",China's April car sales fall 5.8% y/y,1715313583.0
TSLA,"Tesla, Inc.",Baron Global Advantage Fund Q1 2024 Shareholder Letter,1715312400.0
TSLA,"Tesla, Inc.",Baron Durable Advantage Fund Q1 2024 Shareholder Letter,1715301000.0
TTD,"The Trade Desk, Inc.",Baron Small Cap Fund Q1 2024 Shareholder Letter,1715312100.0
TTEC,"TTEC Holdings, Inc.","TTEC Holdings, Inc. (TTEC) Q1 2024 Earnings Call Transcript",1715312529.0
UAL,"United Airlines Holdings, Inc.",United Airlines plane makes emergency return to Japan airport,1715302088.0
UBSI,"United Bankshares, Inc.",United Bankshares to buy Piedmont Bancorp in $267 million deal,1715330578.0
UBSI,"United Bankshares, Inc.","United Bankshares : to Acquire Piedmont Bancorp, Inc. Investor Presentation",1715328489.0
UBSI,"United Bankshares, Inc.","United Bankshares, Inc. to Acquire Piedmont Bancorp, Inc.",1715327467.0
UDMY,"Udemy, Inc.","The Udemy, Inc. (NASDAQ:UDMY) First-Quarter Results Are Out And Analysts Have Published New Forecasts",1715337502.0
VCTR,"Victory Capital Holdings, Inc.","Victory Capital Holdings, Inc. 2024 Q1 - Results - Earnings Call Presentation",1715330219.0
WBD,"Warner Bros. Discovery, Inc.",WARNER BROS. DISCOVERY ANNOUNCES CONFERENCE PARTICIPATION FOR THE MONTH OF MAY,1715331670.0
WBD,"Warner Bros. Discovery, Inc.",Warner Bros. Discovery: Cash Flow Improvement Should Be Center Stage,1715304123.0
WINA,Winmark Corporation,Winmark: Shares Have Gotten Too Pricey,1715317133.0
WMG,Warner Music Group Corp.,Warner Music Group Second Quarter 2024 Earnings: EPS Beats Expectations,1715336421.0
WMG,Warner Music Group Corp.,Decoding Warner Music Group Corp (WMG): A Strategic SWOT Insight,1715317653.0
WMG,Warner Music Group Corp.,Q2 2024 Warner Music Group Corp Earnings Call,1715316327.0
WMG,Warner Music Group Corp.,Warner Music Group (WMG) Q2 2024 Earnings Call Transcript,1715300112.0
WVE,Wave Life Sciences Ltd.,"Wave Life Sciences : Potent, Durable mRNA Knockdown in Extrahepatic Tissues Using siRNAs With Novel Phosphoryl Guanidine Backbone Variants",1715323388.0
Z,"Zillow Group, Inc.",I Finally Decided to Cut My Losses and Sell This Stock -- Here's Why,1715336460.0
ZS,"Zscaler, Inc.",Baron Global Advantage Fund Q1 2024 Shareholder Letter,1715312400.0
BTG,B2Gold Corp.,B2Gold: Time To Load Up,1715307681.0
DNN,Denison Mines Corp.,MT Newswires Canada Overnight Stocks To Watch: IAMGold; Denison Mines; TMX Group; Advantage; Intact Financial,1715303020.0
EQX,Equinox Gold Corp.,Equinox Gold Announces Results from Annual Shareholder Meeting,1715301360.0
NHC,National HealthCare Corporation,NHC Reports First Quarter 2024 Earnings,1715335200.0
NHC,National HealthCare Corporation,National HealthCare: Q1 Earnings Snapshot,1715321234.0
