ticker,side
AIN,buy
ALE,buy
ARE,buy
ARES,buy
ARM,buy
BIO,buy
BLUE,buy
DEA,buy
ERIC,buy
FRO,buy
IEP,buy
INTC,buy
KO,buy
LIN,buy
LLY,buy
LTH,buy
MAN,buy
MOD,buy
NVDA,buy
PRO,buy
QSR,buy
RES,buy
SAM,buy
SAVE,buy
SES,buy
SKY,buy
SNA,buy
STM,buy
STRO,buy
SUN,buy
TRI,buy
UIS,buy
WIT,buy
ACT,sell
ALL,sell
ASB,sell
BA,sell
CAL,sell
CHE,sell
COMP,sell
COP,sell
CTO,sell
DAN,sell
DDOG,sell
DNOW,sell
DOLE,sell
DOW,sell
ELF,sell
ESE,sell
ESS,sell
FAST,sell
HAS,sell
HIG,sell
IDA,sell
LAD,sell
LEA,sell
LOW,sell
MAT,sell
MAX,sell
NOW,sell
NUE,sell
PAR,sell
PGRE,sell
PRI,sell
REVG,sell
SUM,sell
TER,sell
TOWN,sell
TTE,sell
TTI,sell
WOR,sell
AIN,buy
AIR,buy
ALE,buy
ALL,buy
ARE,buy
ARES,buy
ARM,buy
ASO,buy
BAC,buy
BALL,buy
BILL,buy
BIT,buy
BLK,buy
CAN,buy
COIN,buy
DIN,buy
DKNG,buy
EVGO,buy
FFIC,buy
FOR,buy
HOPE,buy
ING,buy
LIN,buy
LYFT,buy
NVDA,buy
NVEI,buy
OMI,buy
PAC,buy
POR,buy
QS,buy
ROCK,buy
ROKU,buy
SKY,buy
STRO,buy
TER,buy
TREE,buy
UAN,buy
UBER,buy
WEN,buy
APP,sell
APPS,sell
ARIS,sell
ATI,sell
BAK,sell
BIG,sell
CRAI,sell
CTS,sell
EAT,sell
ELS,sell
EME,sell
ERIC,sell
FAST,sell
GAN,sell
GES,sell
HES,sell
HIG,sell
HOUS,sell
ICE,sell
IDA,sell
INGR,sell
INVE,sell
IONS,sell
KR,sell
LEN,sell
MAN,sell
MAR,sell
MIDD,sell
MS,sell
NEXT,sell
NVO,sell
OUT,sell
PPL,sell
PRI,sell
PRO,sell
RES,sell
RGA,sell
ROP,sell
SIG,sell
SPOT,sell
THO,sell
TRI,sell
TSLA,sell
TTI,sell
WNS,sell
ACCO,buy
ALE,buy
ALL,buy
ARE,buy
ARES,buy
ARR,buy
ATO,buy
BASE,buy
BIG,buy
BILL,buy
CAN,buy
CAR,buy
CARR,buy
COIN,buy
COMP,buy
COR,buy
CRAI,buy
DOW,buy
EAT,buy
ESI,buy
ETR,buy
EXP,buy
EXPE,buy
FOR,buy
FOUR,buy
GES,buy
HAS,buy
HIG,buy
ICE,buy
ING,buy
INVE,buy
IRM,buy
LDI,buy
LEA,buy
LIN,buy
MAR,buy
MOV,buy
NAT,buy
NUE,buy
NVDA,buy
NVEC,buy
OUT,buy
OXY,buy
PEN,buy
PGR,buy
PRAA,buy
PRI,buy
PRO,buy
RACE,buy
REG,buy
RES,buy
REVG,buy
RLI,buy
ROL,buy
RSI,buy
SES,buy
SHAK,buy
SMCI,buy
TREE,buy
WAL,buy
WELL,buy
WING,buy
WOR,buy
AAPL,sell
ADI,sell
ALK,sell
ALLE,sell
APA,sell
APP,sell
ARM,sell
ASO,sell
ATI,sell
BEN,sell
CHE,sell
COUR,sell
CTO,sell
CTS,sell
DEA,sell
DIN,sell
ESE,sell
ESS,sell
FORM,sell
FRO,sell
FUL,sell
GOLD,sell
GS,sell
HOPE,sell
HOUS,sell
HUN,sell
ICL,sell
IDA,sell
IONS,sell
LEG,sell
LOB,sell
MAN,sell
MED,sell
PAR,sell
PARA,sell
POR,sell
POST,sell
PPL,sell
RGA,sell
ROCK,sell
ROP,sell
SEE,sell
SHO,sell
SHOP,sell
SID,sell
SON,sell
STE,sell
TTE,sell
TWI,sell
UTL,sell
WES,sell
WIT,sell
BILL,buy
COIN,buy
COR,buy
CTO,buy
DDS,buy
FLO,buy
FOR,buy
FUTU,buy
GFS,buy
LOW,buy
ORI,buy
PRO,buy
TWO,buy
WING,buy
WOR,buy
AAPL,sell
ADI,sell
AIN,sell
AIR,sell
ALL,sell
ARE,sell
AZO,sell
CAL,sell
CAT,sell
CHE,sell
COMM,sell
CRAI,sell
DAR,sell
DIN,sell
EAT,sell
ESE,sell
ESS,sell
EXP,sell
HEES,sell
IBTX,sell
INDB,sell
INN,sell
IONS,sell
IRM,sell
LIN,sell
MAC,sell
MAN,sell
MAR,sell
NAT,sell
NNI,sell
NVEC,sell
OPEN,sell
PEN,sell
RIG,sell
RLI,sell
TAC,sell
TRI,sell
WAL,sell
ADI,buy
AEL,buy
AIG,buy
AIN,buy
ALKS,buy
BCS,buy
CAT,buy
CATO,buy
CHE,buy
COMP,buy
DIN,buy
ESS,buy
IDA,buy
INDI,buy
IOVA,buy
LEA,buy
MAN,buy
MOD,buy
MSFT,buy
NEU,buy
NVEC,buy
OMI,buy
OUT,buy
SMCI,buy
TAL,buy
TGT,buy
TIMB,buy
TREE,buy
AAL,sell
AIR,sell
ALE,sell
AME,sell
APA,sell
ASH,sell
ATI,sell
BIO,sell
CAL,sell
CARS,sell
COLL,sell
COMM,sell
COR,sell
CRAI,sell
EVER,sell
EXPE,sell
FOR,sell
GAN,sell
GES,sell
GLOB,sell
HES,sell
ICE,sell
ICL,sell
ING,sell
IOT,sell
KEY,sell
LAC,sell
LIN,sell
LOW,sell
MAG,sell
MAR,sell
MAT,sell
NAT,sell
NIC,sell
NIO,sell
NVDA,sell
OPI,sell
OPY,sell
POR,sell
PRI,sell
RAPT,sell
RES,sell
ROK,sell
ROKU,sell
SES,sell
SHO,sell
SID,sell
SITE,sell
SPOT,sell
TAK,sell
TECH,sell
TER,sell
TME,sell
TRI,sell
TWO,sell
UIS,sell
UNF,sell
UTI,sell
WAL,sell
WOR,sell
ACT,buy
AIN,buy
EAT,buy
EME,buy
INTC,buy
LEA,buy
MAC,buy
MAR,buy
MOV,buy
MSFT,buy
NAT,buy
POR,buy
TEL,buy
TRMD,buy
WIT,buy
WMT,buy
AAL,sell
AIG,sell
AIR,sell
ALE,sell
ALK,sell
ALL,sell
ALT,sell
ANDE,sell
APA,sell
APP,sell
ARE,sell
ARES,sell
ARM,sell
ATI,sell
AZO,sell
BA,sell
BYON,sell
CAG,sell
CAN,sell
COMP,sell
CRI,sell
DAN,sell
DIN,sell
DIS,sell
DOW,sell
ESE,sell
ETWO,sell
EVER,sell
FOR,sell
FOX,sell
FRO,sell
FTNT,sell
GEL,sell
GEN,sell
GES,sell
GLOB,sell
HSBC,sell
ICE,sell
IDA,sell
ING,sell
IONS,sell
LAND,sell
LAW,sell
LIN,sell
LOB,sell
LUNG,sell
NET,sell
NVDA,sell
O,sell
OPRA,sell
OUT,sell
PAC,sell
PANW,sell
PAR,sell
PRI,sell
RARE,sell
RES,sell
REVG,sell
RLI,sell
ROG,sell
ROP,sell
S,sell
SAP,sell
SES,sell
SHO,sell
SKY,sell
SUI,sell
TER,sell
TIMB,sell
TWO,sell
UIS,sell
UNIT,sell
URI,sell
VOYA,sell
WDS,sell
WING,sell
WOR,sell
ALL,buy
AMD,buy
APA,buy
APP,buy
ARE,buy
ATI,buy
CHE,buy
COR,buy
CTO,buy
DOW,buy
GES,buy
HES,buy
HIG,buy
JEF,buy
MAR,buy
NDAQ,buy
NVDA,buy
T,buy
YOU,buy
ACI,sell
ARM,sell
COMP,sell
DNOW,sell
FOR,sell
HON,sell
LAC,sell
LIN,sell
MAC,sell
MELI,sell
OUT,sell
PRI,sell
RIG,sell
STE,sell
STER,sell
TAC,sell
TER,sell
ADES,buy
AIR,buy
ATI,buy
BFC,buy
CHE,buy
CVNA,buy
EAT,buy
GES,buy
INN,buy
NDAQ,buy
NNI,buy
NVDA,buy
PEN,buy
PGR,buy
PRO,buy
RES,buy
TSLA,buy
UAL,buy
ACI,sell
ADI,sell
AGR,sell
AIN,sell
ALL,sell
ALLE,sell
ALLO,sell
APP,sell
ARE,sell
ARES,sell
BILL,sell
BIO,sell
BRO,sell
BROS,sell
CAL,sell
CARS,sell
CCU,sell
COR,sell
CRI,sell
DIS,sell
ESE,sell
ETR,sell
FOR,sell
GEN,sell
GOOGL,sell
HCA,sell
HCSG,sell
ING,sell
IONS,sell
KIDS,sell
LEA,sell
LIN,sell
LOW,sell
LTH,sell
MAC,sell
MAT,sell
MET,sell
META,sell
NABL,sell
NAUT,sell
NEU,sell
OLK,sell
OSUR,sell
OUT,sell
ROP,sell
SAFE,sell
SHOO,sell
SID,sell
STRA,sell
TER,sell
THC,sell
THO,sell
TIMB,sell
TRI,sell
TTI,sell
UPS,sell
USB,sell
UTL,sell
WBD,sell
ACI,buy
ACT,buy
ADC,buy
AIN,buy
AVGO,buy
BFC,buy
BRO,buy
COIN,buy
CRUS,buy
DCOM,buy
ELS,buy
EVER,buy
EXP,buy
GOOG,buy
HES,buy
HIG,buy
ICE,buy
IONS,buy
KKR,buy
LI,buy
NET,buy
NIO,buy
PANW,buy
PEN,buy
PRO,buy
ROAD,buy
RUSHA,buy
RUSHB,buy
STER,buy
TIMB,buy
UAL,buy
WIT,buy
AGS,sell
AIG,sell
AIR,sell
APP,sell
ARE,sell
BA,sell
BAC,sell
BUR,sell
DOC,sell
FET,sell
FOR,sell
FRO,sell
HOUS,sell
HUN,sell
ING,sell
JPM,sell
KR,sell
MAC,sell
MAR,sell
MED,sell
MOV,sell
OGE,sell
ORI,sell
OUT,sell
PAR,sell
POR,sell
RES,sell
RLI,sell
ROG,sell
RYAN,sell
SAFE,sell
SES,sell
SHAK,sell
SHO,sell
SON,sell
SQ,sell
SUM,sell
TAK,sell
TEF,sell
THO,sell
UIS,sell
UNIT,sell
UPS,sell
WOR,sell
YOU,sell
AAPL,buy
AIN,buy
ALL,buy
AME,buy
AVA,buy
BLK,buy
CAVA,buy
COIN,buy
COR,buy
DAN,buy
DIN,buy
EIG,buy
ELS,buy
FOUR,buy
GLP,buy
GOOG,buy
LEA,buy
LOW,buy
MAIN,buy
MAN,buy
MOS,buy
MSFT,buy
MSTR,buy
NUE,buy
NVDA,buy
PERI,buy
PRI,buy
PRO,buy
RES,buy
REVG,buy
SES,buy
SID,buy
UTL,buy
ALT,sell
APP,sell
ARE,sell
ATI,sell
BA,sell
BFC,sell
CAR,sell
CARR,sell
CNXN,sell
CTS,sell
CVS,sell
DIS,sell
DOW,sell
ECL,sell
ESS,sell
EVA,sell
EYE,sell
FET,sell
FIS,sell
FOR,sell
HOUS,sell
IONS,sell
MAC,sell
MAR,sell
MOV,sell
NFE,sell
NOV,sell
NWS,sell
NYT,sell
OPEN,sell
PAR,sell
PARA,sell
PGRE,sell
POR,sell
PPL,sell
QSR,sell
SAFE,sell
SAN,sell
SON,sell
SUM,sell
TER,sell
THR,sell
THS,sell
TOWN,sell
WBD,sell
AAPL,buy
AIG,buy
ATEN,buy
BAC,buy
BFC,buy
BLK,buy
BYON,buy
CAN,buy
COIN,buy
COR,buy
CTO,buy
DAN,buy
DIS,buy
DNOW,buy
EAT,buy
ELS,buy
ESS,buy
FSLR,buy
FUL,buy
ICE,buy
ING,buy
INVE,buy
MARA,buy
MSFT,buy
PEN,buy
PRI,buy
PRO,buy
RARE,buy
SBUX,buy
SOL,buy
SPOT,buy
STRO,buy
SUM,buy
TGT,buy
TJX,buy
TRI,buy
TTE,buy
WAB,buy
WEN,buy
WIT,buy
ADI,sell
AIN,sell
ALE,sell
ALL,sell
AMP,sell
APP,sell
APPS,sell
ARE,sell
ATI,sell
ATO,sell
AVA,sell
AZO,sell
BA,sell
BASE,sell
BMBL,sell
CAL,sell
CAT,sell
CHE,sell
COMP,sell
CVS,sell
DEA,sell
DIN,sell
EME,sell
ERO,sell
ESE,sell
ESTA,sell
EXP,sell
EXPE,sell
EYE,sell
FIVE,sell
FOR,sell
FORM,sell
FOUR,sell
GGR,sell
HES,sell
HOPE,sell
HUN,sell
ICL,sell
IONS,sell
ITT,sell
LANC,sell
LLY,sell
LOW,sell
LTH,sell
MAN,sell
MAR,sell
MASS,sell
MAT,sell
MERC,sell
NAT,sell
NDAQ,sell
NFE,sell
NOV,sell
NOVA,sell
NSA,sell
NSIT,sell
NTR,sell
NUE,sell
NVDA,sell
NVMI,sell
OUT,sell
PAR,sell
PTC,sell
REG,sell
ROK,sell
SAFE,sell
SEE,sell
SES,sell
SID,sell
SIG,sell
STE,sell
TER,sell
THR,sell
TWI,sell
UNH,sell
UNIT,sell
UTI,sell
UTL,sell
WMT,sell
AIN,buy
ALE,buy
ALLE,buy
AMD,buy
AMPS,buy
BBY,buy
BILL,buy
COIN,buy
CRM,buy
FAST,buy
GNE,buy
HOUS,buy
INDI,buy
LUNG,buy
MAN,buy
MSFT,buy
NVDA,buy
NVEC,buy
OPEN,buy
OPI,buy
RAMP,buy
RBA,buy
REVG,buy
SES,buy
SHO,buy
STRO,buy
TSLA,buy
TWO,buy
WIT,buy
WOR,buy
YOU,buy
ACCO,sell
ACT,sell
AIR,sell
ALL,sell
ALLY,sell
ALT,sell
AMC,sell
AMP,sell
ARE,sell
ASH,sell
ASO,sell
ATI,sell
AZO,sell
BIG,sell
BIRK,sell
BMBL,sell
BOOM,sell
CAL,sell
CAR,sell
CARE,sell
CC,sell
CHE,sell
CRAI,sell
CTS,sell
DAN,sell
DEA,sell
EIG,sell
EME,sell
ENS,sell
ERAS,sell
ERO,sell
ESE,sell
ESS,sell
FOR,sell
FOUR,sell
GAN,sell
GEN,sell
GES,sell
GOOG,sell
GOOGL,sell
HCA,sell
HCSG,sell
IDA,sell
ING,sell
LAKE,sell
LAW,sell
LEG,sell
LIN,sell
LTH,sell
MASS,sell
MED,sell
MET,sell
MORN,sell
MWA,sell
NAT,sell
NTR,sell
NTRA,sell
OKE,sell
OMI,sell
OPRA,sell
OUT,sell
PAC,sell
PAY,sell
POR,sell
PRA,sell
PRO,sell
ROP,sell
SEAS,sell
SNOW,sell
SOL,sell
SON,sell
STE,sell
STRA,sell
TAC,sell
TER,sell
THC,sell
THS,sell
TRU,sell
UPS,sell
URI,sell
AIG,buy
AIN,buy
AMD,buy
CAN,buy
COR,buy
CRI,buy
DELL,buy
ELS,buy
ERIC,buy
FTI,buy
HEI,buy
HES,buy
HIG,buy
MAR,buy
NDAQ,buy
NTR,buy
NTRA,buy
NVDA,buy
PPL,buy
REVG,buy
STE,buy
UBS,buy
AAPL,sell
ACT,sell
ALL,sell
ALLO,sell
ALLY,sell
ALT,sell
APO,sell
APP,sell
ARE,sell
ARES,sell
ARM,sell
ASH,sell
AXL,sell
BALL,sell
BFC,sell
BILL,sell
BUD,sell
CAL,sell
CASH,sell
COST,sell
CTO,sell
CVS,sell
DOW,sell
ECL,sell
EIG,sell
ETWO,sell
FET,sell
FFIN,sell
FIS,sell
FOR,sell
FOUR,sell
FOXA,sell
GOOGL,sell
HAS,sell
HRI,sell
ICL,sell
IDA,sell
ING,sell
INVE,sell
KIND,sell
LAC,sell
LAW,sell
LIN,sell
LLY,sell
LTH,sell
MAT,sell
MET,sell
NAT,sell
NNI,sell
NVEC,sell
NYCB,sell
OHI,sell
OPEN,sell
OUT,sell
PAY,sell
POR,sell
REG,sell
REI,sell
REPL,sell
RES,sell
RLI,sell
RUN,sell
RYI,sell
SAP,sell
SES,sell
SIG,sell
STAG,sell
STM,sell
SUM,sell
TEAM,sell
TER,sell
THR,sell
THS,sell
TME,sell
TRU,sell
UNH,sell
URI,sell
WAL,sell
WOR,sell
YOU,sell
ZS,sell
AAL,buy
AIG,buy
AIN,buy
AIR,buy
ALE,buy
AME,buy
ARR,buy
ATI,buy
BA,buy
BFC,buy
CAN,buy
COR,buy
EAT,buy
ERIC,buy
FOR,buy
GLOB,buy
IONS,buy
IRM,buy
JPM,buy
LEA,buy
LLY,buy
LOB,buy
MAC,buy
MAX,buy
NVDA,buy
NVEC,buy
OIS,buy
OUT,buy
PRO,buy
RBA,buy
RICK,buy
ROG,buy
SE,buy
SMCI,buy
STRA,buy
AAPL,sell
ADES,sell
ALL,sell
ALLE,sell
ALT,sell
APP,sell
ARE,sell
ARES,sell
BILL,sell
BLUE,sell
CAL,sell
CHE,sell
CRAI,sell
DIN,sell
DOW,sell
EDIT,sell
ESS,sell
EVR,sell
FET,sell
FRO,sell
GEN,sell
GM,sell
GOOGL,sell
HAIN,sell
HCA,sell
ICE,sell
ING,sell
JOE,sell
LIN,sell
LOW,sell
LTH,sell
MASS,sell
NAT,sell
NDAQ,sell
NEXT,sell
NYCB,sell
OPEN,sell
PAY,sell
PEN,sell
PPL,sell
PRI,sell
PTC,sell
RES,sell
RLI,sell
SAFE,sell
SAVE,sell
SES,sell
SID,sell
SPOT,sell
TER,sell
TIMB,sell
TRU,sell
TSLA,sell
WASH,sell
CHE,buy
DRI,buy
EXP,buy
FOUR,buy
GOLD,buy
HCSG,buy
POR,buy
PRO,buy
RES,buy
TGT,buy
AAP,sell
AAPL,sell
AIN,sell
AIR,sell
ALE,sell
ALL,sell
AMD,sell
APP,sell
BFC,sell
BILL,sell
BIT,sell
CARE,sell
COIN,sell
COMP,sell
CRAI,sell
DIN,sell
DOW,sell
EAT,sell
ECL,sell
FET,sell
FREE,sell
FRO,sell
GIS,sell
HCA,sell
HNI,sell
HONE,sell
ING,sell
IONS,sell
ITT,sell
LEA,sell
LIN,sell
LOW,sell
LTH,sell
MAR,sell
META,sell
NDAQ,sell
ORC,sell
PEN,sell
PPL,sell
PRAA,sell
REG,sell
RLI,sell
RNA,sell
ROAD,sell
ROG,sell
ROP,sell
SAVE,sell
SID,sell
SITE,sell
SON,sell
STAG,sell
STRA,sell
TAL,sell
TECH,sell
TER,sell
THC,sell
THR,sell
TIMB,sell
TRI,sell
TSLA,sell
TWO,sell
UTI,sell
WES,sell
WNS,sell
AIN,buy
ANF,buy
APG,buy
BAC,buy
BANC,buy
BILL,buy
BOX,buy
COIN,buy
COMM,buy
COR,buy
GES,buy
ING,buy
INN,buy
MAIN,buy
MAR,buy
MAT,buy
MSFT,buy
MSTR,buy
NNI,buy
NTR,buy
NVEC,buy
NWS,buy
NWSA,buy
NYCB,buy
OPEN,buy
PRA,buy
PRAA,buy
STE,buy
TER,buy
TWI,buy
UNIT,buy
AAPL,sell
ACN,sell
ADM,sell
ADP,sell
ALE,sell
ALT,sell
APP,sell
ARE,sell
ARES,sell
BEN,sell
CAN,sell
CTS,sell
CUE,sell
DNOW,sell
EIG,sell
ESI,sell
ESS,sell
FL,sell
GEN,sell
GOLD,sell
HAL,sell
HES,sell
HON,sell
ICE,sell
INVE,sell
ITOS,sell
JWN,sell
LEA,sell
LOW,sell
MAN,sell
MET,sell
NOW,sell
ONL,sell
OUT,sell
PRO,sell
STM,sell
SUM,sell
TME,sell
TSLA,sell
UPS,sell
UTL,sell
VAL,sell
WAL,sell
WOR,sell
AIN,buy
ARE,buy
ARES,buy
BILL,buy
COMP,buy
COR,buy
COST,buy
ELS,buy
ERO,buy
FOR,buy
FUL,buy
GOOG,buy
GOOGL,buy
HIG,buy
HOPE,buy
LOW,buy
MBI,buy
MOD,buy
NDAQ,buy
NVDA,buy
RES,buy
REVG,buy
ROG,buy
SBUX,buy
TECH,buy
TGT,buy
WELL,buy
AAPL,sell
ACCO,sell
ACN,sell
ADM,sell
AIR,sell
ALE,sell
ALL,sell
ALLE,sell
ALT,sell
AME,sell
APP,sell
BA,sell
CADE,sell
CAL,sell
CHE,sell
CTO,sell
CTS,sell
ECL,sell
ERIE,sell
ESE,sell
EVER,sell
EXAS,sell
FICO,sell
GEN,sell
GES,sell
ING,sell
INN,sell
IONS,sell
LEA,sell
LIN,sell
LUNG,sell
MAC,sell
MAR,sell
MAX,sell
MERC,sell
META,sell
NAT,sell
NET,sell
NNI,sell
ORI,sell
PPL,sell
PRI,sell
QSR,sell
RGEN,sell
RIG,sell
RNA,sell
ROL,sell
RUN,sell
SES,sell
SOL,sell
STE,sell
STER,sell
TER,sell
THO,sell
TIMB,sell
UNIT,sell
UTI,sell
WOR,sell
AIN,buy
APP,buy
ATI,buy
COIN,buy
EIG,buy
EXP,buy
LOW,buy
MOV,buy
NOV,buy
NVDA,buy
NYCB,buy
OKE,buy
PERI,buy
POR,buy
RES,buy
REVG,buy
SE,buy
SEAS,buy
STRO,buy
TAC,buy
TTI,buy
VAL,buy
XPER,buy
ADC,sell
ALL,sell
ALLE,sell
ARE,sell
ASH,sell
AVGO,sell
BILL,sell
BRO,sell
CAL,sell
CHE,sell
COMP,sell
COR,sell
CTO,sell
CTS,sell
DASH,sell
DCO,sell
DCOM,sell
EAT,sell
ECL,sell
ESE,sell
ETR,sell
FREE,sell
FRO,sell
HEES,sell
HEI,sell
HIG,sell
HOPE,sell
ING,sell
IRM,sell
KIDS,sell
LEA,sell
LIN,sell
LLY,sell
LUNG,sell
LYV,sell
MAR,sell
MSFT,sell
MUC,sell
NEM,sell
NET,sell
NIC,sell
OUT,sell
POST,sell
PRO,sell
REG,sell
RELY,sell
RIO,sell
ROAD,sell
SAP,sell
SEM,sell
SES,sell
SIX,sell
STE,sell
STER,sell
TER,sell
THR,sell
TME,sell
TRI,sell
UTL,sell
WIT,sell
WOR,sell
ABNB,buy
AIN,buy
BILL,buy
BIT,buy
COIN,buy
COR,buy
DOOR,buy
GOLD,buy
HIG,buy
LDI,buy
LEA,buy
LLY,buy
MSTR,buy
PFE,buy
PRO,buy
RIVN,buy
STRA,buy
ACI,sell
ACT,sell
AIR,sell
ARE,sell
ATO,sell
CAL,sell
CAN,sell
CCI,sell
CHE,sell
CHH,sell
COMP,sell
DEA,sell
DNOW,sell
DOW,sell
DSP,sell
EDIT,sell
ENS,sell
EQT,sell
ESS,sell
EXP,sell
FOR,sell
GAN,sell
HAS,sell
HOUS,sell
ICE,sell
ING,sell
KFRC,sell
LIN,sell
MAN,sell
NVDA,sell
OPRA,sell
ORI,sell
OUT,sell
PAC,sell
PAR,sell
PEN,sell
POR,sell
PTC,sell
RELY,sell
RES,sell
REVG,sell
SES,sell
SHO,sell
SHOP,sell
SITE,sell
SOL,sell
SON,sell
TAK,sell
TAL,sell
THO,sell
TRU,sell
TSN,sell
UTI,sell
WIT,sell
WOR,sell
AIN,buy
ALL,buy
ALLY,buy
AMP,buy
ARCH,buy
ARE,buy
ARES,buy
ATI,buy
BILL,buy
BRO,buy
COIN,buy
COMM,buy
COR,buy
DOW,buy
ERIE,buy
FRO,buy
GES,buy
HIG,buy
ITT,buy
LEA,buy
MAR,buy
MSTR,buy
NDAQ,buy
NVDA,buy
NVMI,buy
NYCB,buy
ORCL,buy
RES,buy
SID,buy
SQ,buy
SUM,buy
ULCC,buy
ULTA,buy
YELP,buy
ACCO,sell
ADM,sell
ALT,sell
BA,sell
CHE,sell
COMP,sell
CRI,sell
DIS,sell
DRI,sell
EDU,sell
ERO,sell
FET,sell
FOR,sell
FORM,sell
ING,sell
KIND,sell
MAT,sell
MAX,sell
OLO,sell
OMI,sell
ONL,sell
OPI,sell
ORI,sell
PAR,sell
POR,sell
PRO,sell
ROK,sell
ROKU,sell
SAFE,sell
SHO,sell
SON,sell
STE,sell
TSLA,sell
TTI,sell
WAT,sell
DIS,buy
DOW,buy
ESS,buy
GEL,buy
HIG,buy
LEN,buy
MERC,buy
MSFT,buy
NOW,buy
NVDA,buy
ROP,buy
STAG,buy
TAC,buy
WIT,buy
ACI,sell
ALE,sell
ALL,sell
ALLE,sell
BIRD,sell
CAT,sell
CTO,sell
CTS,sell
DEA,sell
DLTR,sell
DOOR,sell
DRI,sell
ECL,sell
EXP,sell
FOR,sell
FRO,sell
FUL,sell
HLI,sell
IAS,sell
ICL,sell
IDA,sell
ING,sell
IONS,sell
LAC,sell
LOW,sell
MAT,sell
NET,sell
NUE,sell
OPEN,sell
OSUR,sell
OUT,sell
POR,sell
REPL,sell
RES,sell
SAFE,sell
SES,sell
SHO,sell
STE,sell
TEL,sell
TREE,sell
TRI,sell
TRU,sell
TSLA,sell
UTI,sell
AIG,buy
AIN,buy
ALE,buy
ATI,buy
BILL,buy
COR,buy
CTS,buy
ERIC,buy
FARM,buy
FORM,buy
FOUR,buy
FRO,buy
FTS,buy
GES,buy
GOOD,buy
HOOD,buy
ITT,buy
KEY,buy
LEN,buy
MO,buy
MSFT,buy
OPI,buy
POR,buy
RBA,buy
RUN,buy
SEM,buy
SMAR,buy
STRA,buy
TRI,buy
WOR,buy
AAL,sell
ADI,sell
AGS,sell
AIR,sell
ALL,sell
ALLE,sell
APP,sell
ARE,sell
ARM,sell
BAC,sell
BBY,sell
BIG,sell
BUD,sell
BUR,sell
CAN,sell
COIN,sell
COMM,sell
COO,sell
DG,sell
DLTR,sell
DOW,sell
ENS,sell
ESS,sell
ESTA,sell
FOR,sell
GAN,sell
GEN,sell
HAS,sell
HOUS,sell
ING,sell
INN,sell
INVE,sell
IONS,sell
JPM,sell
LEA,sell
LIN,sell
LOW,sell
LUNG,sell
MAR,sell
MERC,sell
MOS,sell
MSTR,sell
NAT,sell
NET,sell
NTR,sell
NTRA,sell
ORI,sell
OUT,sell
PEN,sell
PRI,sell
PRO,sell
REAL,sell
RGA,sell
RLI,sell
ROG,sell
SE,sell
SOL,sell
STEP,sell
TER,sell
THO,sell
UA,sell
UAA,sell
UTL,sell
WAL,sell
WES,sell
ALE,buy
AVO,buy
BFC,buy
DIS,buy
ERO,buy
FIS,buy
NVDA,buy
OLO,buy
PRI,buy
PRO,buy
PTC,buy
REAL,buy
TAL,buy
TER,buy
TGT,buy
TSLA,buy
VOR,buy
ACT,sell
ADBE,sell
AIG,sell
ALL,sell
AME,sell
AMPL,sell
ARES,sell
ATI,sell
AZO,sell
BA,sell
BBY,sell
BIT,sell
CHE,sell
COIN,sell
COMM,sell
DOW,sell
EIG,sell
ERIC,sell
ESS,sell
FFIC,sell
FOR,sell
INVE,sell
LOW,sell
MAN,sell
MCD,sell
MET,sell
NDAQ,sell
OUT,sell
PRA,sell
PRAA,sell
RES,sell
ROP,sell
SES,sell
SID,sell
TAK,sell
TECH,sell
THS,sell
TIMB,sell
WAT,sell
WOR,sell
ACI,buy
ADV,buy
AER,buy
AIN,buy
ALE,buy
BILL,buy
CAN,buy
CHE,buy
COIN,buy
DIS,buy
DRI,buy
ELS,buy
ERJ,buy
EXP,buy
GEN,buy
GOOG,buy
GOOGL,buy
HES,buy
HOPE,buy
KO,buy
LEA,buy
MCO,buy
MOD,buy
NDAQ,buy
NVDA,buy
REI,buy
RES,buy
RUN,buy
SPLK,buy
TER,buy
THO,buy
ACT,sell
AIR,sell
ALL,sell
ALT,sell
ASTE,sell
BAND,sell
BIG,sell
CAL,sell
COMP,sell
COO,sell
CRAI,sell
DIN,sell
DOW,sell
FIS,sell
FOR,sell
FRO,sell
FTS,sell
GES,sell
HAL,sell
HASI,sell
ICL,sell
INDI,sell
ING,sell
KFRC,sell
LIN,sell
LOW,sell
MAN,sell
MANU,sell
MAS,sell
MASS,sell
MAT,sell
NVEC,sell
OKE,sell
OMI,sell
ORC,sell
PAY,sell
PEP,sell
POR,sell
PRO,sell
PTC,sell
ROP,sell
SHO,sell
SIX,sell
SMCI,sell
SOL,sell
STE,sell
STEP,sell
STER,sell
SWI,sell
TECH,sell
TIMB,sell
TSLA,sell
TWO,sell
UIS,sell
WASH,sell
WOR,sell
ALT,buy
ARE,buy
ARM,buy
AZN,buy
BIO,buy
DIS,buy
ENS,buy
GEN,buy
GIC,buy
GOOG,buy
GOOGL,buy
ING,buy
IOT,buy
JWN,buy
MAC,buy
MAT,buy
MSFT,buy
NET,buy
NVDA,buy
PEN,buy
PRO,buy
RARE,buy
RES,buy
TBI,buy
UTI,buy
WIT,buy
WOR,buy
ABR,sell
ACCO,sell
ADM,sell
ALE,sell
ALL,sell
ALLE,sell
ARRY,sell
ASH,sell
ATO,sell
BAK,sell
BASE,sell
BILL,sell
BIT,sell
BLK,sell
CAL,sell
CASH,sell
COIN,sell
COLL,sell
COR,sell
CRON,sell
DAR,sell
DIN,sell
DOW,sell
EAT,sell
EDU,sell
EXAS,sell
FRO,sell
GES,sell
HAS,sell
ICE,sell
INVE,sell
JOE,sell
KRO,sell
LAC,sell
LIN,sell
MAS,sell
MASS,sell
MSTR,sell
MU,sell
NVEC,sell
OLO,sell
POR,sell
PTC,sell
ROP,sell
SID,sell
SOL,sell
TER,sell
TEX,sell
THR,sell
TREE,sell
TRI,sell
UL,sell
WAL,sell
WNS,sell
ADM,buy
ALL,buy
APO,buy
ATI,buy
AZO,buy
BILL,buy
BIO,buy
CAR,buy
CAT,buy
CHE,buy
CRAI,buy
DAN,buy
DEA,buy
DOW,buy
ETWO,buy
EVER,buy
GEN,buy
GES,buy
HIG,buy
IDA,buy
LAC,buy
LIN,buy
LTH,buy
MAR,buy
NVDA,buy
OUT,buy
PARA,buy
PEP,buy
PGRE,buy
PRO,buy
RARE,buy
REI,buy
RES,buy
ROL,buy
SE,buy
SPR,buy
STE,buy
TECH,buy
TER,buy
THR,buy
TRI,buy
TWO,buy
UNH,buy
UNIT,buy
ACCO,sell
AGS,sell
ALE,sell
ALK,sell
ALKS,sell
ARES,sell
ASH,sell
BA,sell
BIG,sell
BIRK,sell
CASH,sell
COIN,sell
DIS,sell
ENS,sell
FLO,sell
GOOGL,sell
HAL,sell
ICE,sell
ING,sell
INVE,sell
KO,sell
LAW,sell
LOW,sell
NVEC,sell
PRI,sell
ROP,sell
SES,sell
SUI,sell
TGT,sell
WING,sell
ALE,buy
ALLY,buy
APO,buy
ARE,buy
ARES,buy
BA,buy
CRON,buy
DIN,buy
DOW,buy
FTS,buy
GOLD,buy
HES,buy
HIG,buy
ICE,buy
INTC,buy
IRM,buy
MAR,buy
MAT,buy
MU,buy
NVDA,buy
OLO,buy
OPEN,buy
PARA,buy
PGRE,buy
PRI,buy
TECH,buy
TER,buy
WDC,buy
WIT,buy
AAPL,sell
ACN,sell
AIN,sell
ALLE,sell
APP,sell
ASH,sell
BIRK,sell
CAL,sell
CAR,sell
CENT,sell
CHWY,sell
DAN,sell
DAR,sell
DRI,sell
EAT,sell
ESTA,sell
EXP,sell
FIS,sell
FOR,sell
FUL,sell
HONE,sell
HOPE,sell
HOUS,sell
IDA,sell
ING,sell
LOW,sell
NUE,sell
OUT,sell
PAR,sell
REVG,sell
SAP,sell
SON,sell
TPH,sell
TRU,sell
UTL,sell
ACT,buy
AEL,buy
BAC,buy
BIDU,buy
COMP,buy
DIS,buy
DNOW,buy
FDX,buy
GEN,buy
GOOGL,buy
HAE,buy
ICE,buy
INVE,buy
LEA,buy
NOW,buy
NVDA,buy
NVEC,buy
PRI,buy
TGT,buy
TIMB,buy
VIST,buy
WIT,buy
AGS,sell
AIR,sell
ALL,sell
ALLE,sell
ALLY,sell
ALT,sell
APP,sell
ARE,sell
ARES,sell
ARI,sell
ASH,sell
AYI,sell
BIT,sell
BPOP,sell
CAL,sell
CERT,sell
COIN,sell
DAN,sell
DEA,sell
ESS,sell
FARM,sell
FOR,sell
HUN,sell
ING,sell
LIN,sell
LLY,sell
LULU,sell
MAN,sell
NDAQ,sell
NEE,sell
NKE,sell
OUT,sell
PAR,sell
POR,sell
PPL,sell
RBA,sell
RES,sell
ROP,sell
RUN,sell
SBUX,sell
STE,sell
STEL,sell
TECH,sell
TEL,sell
TER,sell
TRU,sell
TSLA,sell
TTI,sell
UNP,sell
WAL,sell
WOR,sell
BCS,buy
BILL,buy
BIT,buy
CAL,buy
CENT,buy
COIN,buy
COO,buy
COOK,buy
DIS,buy
ELS,buy
ENS,buy
FOR,buy
FUTU,buy
GEO,buy
GES,buy
HAS,buy
HES,buy
HIG,buy
INVE,buy
MOD,buy
NOV,buy
NTR,buy
NVDA,buy
OUT,buy
PAR,buy
PPL,buy
RES,buy
ROP,buy
RSI,buy
SE,buy
STM,buy
TER,buy
TME,buy
AAPL,sell
ACT,sell
AIR,sell
ALK,sell
ALKS,sell
ALL,sell
ALT,sell
AME,sell
ANGI,sell
APP,sell
ARE,sell
ARES,sell
ARM,sell
BIG,sell
BIO,sell
CAR,sell
CATC,sell
COLL,sell
DEA,sell
DOW,sell
ESI,sell
FIS,sell
FUN,sell
GOOGL,sell
HAL,sell
ICE,sell
ING,sell
IRM,sell
KLAC,sell
LEA,sell
LIN,sell
LLAP,sell
LOW,sell
MAN,sell
MANU,sell
MAX,sell
MED,sell
PRO,sell
SAFE,sell
SES,sell
STEP,sell
TAL,sell
TEAM,sell
TWO,sell
UTI,sell
WAT,sell
WES,sell
WIT,sell
WNS,sell
ADBE,buy
ADI,buy
AGR,buy
APA,buy
ARE,buy
ARIS,buy
ASTE,buy
ATI,buy
BILL,buy
BYD,buy
CAR,buy
CCI,buy
DOW,buy
ELF,buy
ESE,buy
GEN,buy
ICL,buy
IONS,buy
LAW,buy
LIN,buy
MA,buy
MAS,buy
MCD,buy
MOD,buy
MRNA,buy
MSFT,buy
NDAQ,buy
NNI,buy
OLO,buy
RTO,buy
RUN,buy
SES,buy
SHO,buy
STE,buy
STER,buy
STRO,buy
SUI,buy
TER,buy
TREE,buy
TSLA,buy
TTI,buy
V,buy
WIT,buy
ACT,sell
AIN,sell
ALK,sell
ARM,sell
ARR,sell
AYI,sell
BA,sell
BABA,sell
BAC,sell
BLK,sell
CAL,sell
CAN,sell
CENT,sell
CHT,sell
COIN,sell
COMP,sell
COR,sell
CRAI,sell
CRI,sell
ENS,sell
ESS,sell
FFIC,sell
FOR,sell
GES,sell
GIC,sell
GIS,sell
GOOS,sell
ICE,sell
KFRC,sell
MMI,sell
MOS,sell
NVDA,sell
NVEC,sell
NWS,sell
NWSA,sell
ORA,sell
ORC,sell
PAR,sell
POR,sell
POST,sell
PPL,sell
ROL,sell
ROP,sell
RSI,sell
SUM,sell
SUN,sell
TME,sell
WES,sell
WING,sell
WOR,sell
YOU,sell
ADM,buy
APP,buy
ATI,buy
CASH,buy
COR,buy
DIS,buy
DKNG,buy
DOW,buy
EAT,buy
ESE,buy
FOR,buy
HOOD,buy
INVE,buy
LEA,buy
LLY,buy
LUNG,buy
MERC,buy
MRNA,buy
NVEC,buy
OUT,buy
PRO,buy
RES,buy
SAGE,buy
SE,buy
SEAS,buy
SES,buy
SID,buy
TRI,buy
UPS,buy
ALL,sell
AME,sell
ARE,sell
AZO,sell
BA,sell
BASE,sell
CAL,sell
CAN,sell
COIN,sell
COST,sell
DELL,sell
DOC,sell
ENS,sell
FRO,sell
GES,sell
HOUS,sell
ICL,sell
IMO,sell
ING,sell
LIND,sell
LOW,sell
META,sell
NIO,sell
PAY,sell
REG,sell
STE,sell
TIMB,sell
TTE,sell
URI,sell
VAL,sell
AME,buy
ATI,buy
DEA,buy
ERIC,buy
FOUR,buy
HIG,buy
LAND,buy
NUE,buy
NWS,buy
NWSA,buy
PRAA,buy
REVG,buy
SES,buy
SOL,buy
STER,buy
SUM,buy
TER,buy
TIMB,buy
WIT,buy
ALK,sell
APP,sell
ARIS,sell
BFC,sell
DELL,sell
ESS,sell
FRO,sell
GEN,sell
HOUS,sell
ING,sell
LEN,sell
MAN,sell
MAR,sell
PRA,sell
PRO,sell
ROP,sell
SON,sell
UNP,sell
AVY,buy
DDS,buy
FAST,buy
HIG,buy
INN,buy
IONS,buy
PRI,buy
PRO,buy
RSI,buy
SAN,buy
SAVE,buy
TRI,buy
ACI,sell
AIR,sell
ALL,sell
ATI,sell
BA,sell
CAL,sell
COMP,sell
CRUS,sell
ENV,sell
ESE,sell
ESS,sell
ESTA,sell
EVER,sell
FLO,sell
FOR,sell
GOOD,sell
ICL,sell
IDA,sell
ING,sell
LAW,sell
LIN,sell
LLY,sell
LOW,sell
MERC,sell
NAT,sell
NVEC,sell
OGE,sell
OKE,sell
PAR,sell
RES,sell
RLI,sell
ROG,sell
ROL,sell
TEL,sell
TEX,sell
URI,sell
VOR,sell
WING,sell
WIT,sell
ASTE,buy
BFC,buy
BIG,buy
BILL,buy
BYD,buy
COIN,buy
ERIC,buy
FAST,buy
GOLD,buy
GOOGL,buy
HOPE,buy
LI,buy
MAN,buy
MANU,buy
MSFT,buy
NIO,buy
STE,buy
TEAM,buy
URI,buy
VAL,buy
AAPL,sell
AIR,sell
ALE,sell
ALL,sell
ALLE,sell
APP,sell
ARES,sell
ARI,sell
BA,sell
CENT,sell
COMP,sell
CRAI,sell
DAR,sell
DNOW,sell
ERO,sell
ESS,sell
FDX,sell
FLO,sell
FOR,sell
FORM,sell
FRO,sell
GAN,sell
GES,sell
HON,sell
HONE,sell
ICE,sell
ING,sell
IRM,sell
LAW,sell
LEA,sell
LEN,sell
LOW,sell
LUNG,sell
MASS,sell
MED,sell
NOW,sell
NUE,sell
ORI,sell
POST,sell
PPL,sell
PRI,sell
RES,sell
RLI,sell
RSI,sell
T,sell
TAK,sell
TER,sell
TGT,sell
TIMB,sell
TRU,sell
UNIT,sell
UNP,sell
WING,sell
AGR,buy
AIN,buy
BILL,buy
CAN,buy
CHX,buy
DEA,buy
DNOW,buy
GOLD,buy
HES,buy
HIG,buy
ICE,buy
LAKE,buy
LTH,buy
PRI,buy
SHO,buy
SLB,buy
TGT,buy
VAL,buy
VOR,buy
ADV,sell
AIR,sell
ALE,sell
ALL,sell
ALT,sell
APP,sell
ARE,sell
ASH,sell
ATI,sell
BFC,sell
BRO,sell
BYD,sell
CAL,sell
CAR,sell
CARE,sell
COIN,sell
CRI,sell
DDL,sell
DOW,sell
DVA,sell
ECL,sell
ESS,sell
EVA,sell
FOR,sell
HUM,sell
HUMA,sell
ING,sell
LIN,sell
LLAP,sell
LOVE,sell
MAIN,sell
MAN,sell
MCK,sell
MED,sell
NAT,sell
OUT,sell
PLAY,sell
RES,sell
REVG,sell
RNA,sell
SAP,sell
SES,sell
STE,sell
T,sell
THS,sell
TREE,sell
TSLA,sell
UNH,sell
WAL,sell
AIG,buy
ALE,buy
BIG,buy
CAN,buy
COR,buy
DIS,buy
ESTA,buy
GOLD,buy
IRM,buy
META,buy
PARA,buy
PATH,buy
PGRE,buy
PLOW,buy
RIVN,buy
SPOT,buy
TER,buy
THO,buy
TRI,buy
WELL,buy
AAPL,sell
ACT,sell
ADES,sell
ADI,sell
AGS,sell
AIN,sell
AIR,sell
ALL,sell
APP,sell
ARE,sell
ARES,sell
ARI,sell
ARIS,sell
ASH,sell
ATI,sell
AZO,sell
BFC,sell
BILL,sell
BLUE,sell
BRO,sell
CAL,sell
CHE,sell
COMP,sell
COO,sell
COTY,sell
DEA,sell
DIN,sell
DNOW,sell
DOW,sell
ELF,sell
EME,sell
ERIE,sell
ESS,sell
EVER,sell
EXPE,sell
FAST,sell
GEN,sell
GIC,sell
HASI,sell
HIG,sell
HUN,sell
ICE,sell
ING,sell
INTC,sell
IONS,sell
LEA,sell
LEU,sell
LIN,sell
LOW,sell
MAN,sell
MED,sell
MET,sell
MSFT,sell
NKE,sell
OLN,sell
OLO,sell
POR,sell
RES,sell
REX,sell
RLI,sell
ROL,sell
SBUX,sell
SE,sell
SES,sell
SHO,sell
SID,sell
SKY,sell
STER,sell
TECH,sell
TEL,sell
TRU,sell
TSLA,sell
TWO,sell
ULTA,sell
UNIT,sell
URI,sell
UTI,sell
VAL,sell
VERI,sell
WAL,sell
WING,sell
WOR,sell
YOU,sell
ADV,buy
ALE,buy
ARES,buy
COIN,buy
COMM,buy
COMP,buy
COR,buy
CRAI,buy
DIN,buy
DIS,buy
DVA,buy
EAT,buy
ERIE,buy
FTS,buy
GEN,buy
GES,buy
GHI,buy
GOLD,buy
GOOG,buy
GOOGL,buy
HAS,buy
HIG,buy
HOPE,buy
HUBG,buy
HUBS,buy
IDA,buy
INN,buy
LEVI,buy
MET,buy
META,buy
OGE,buy
PAY,buy
PRO,buy
RES,buy
ROG,buy
SOL,buy
STRA,buy
TGT,buy
TIMB,buy
UBS,buy
ULTA,buy
WELL,buy
ACA,sell
AIN,sell
AMP,sell
ARRY,sell
ASH,sell
ATI,sell
DDL,sell
DOW,sell
ECL,sell
ENS,sell
ESS,sell
FOR,sell
FRO,sell
GPS,sell
ICL,sell
LIN,sell
MAN,sell
MAR,sell
MED,sell
MOS,sell
MOV,sell
MSFT,sell
NDAQ,sell
NWSA,sell
ORI,sell
OUT,sell
PAR,sell
PARA,sell
PGRE,sell
PRI,sell
REVG,sell
ROL,sell
ROP,sell
SES,sell
SKY,sell
TER,sell
TRI,sell
TRU,sell
TSLA,sell
TTI,sell
TWO,sell
WASH,sell
WIT,sell
WOR,sell
DEA,buy
GOLD,buy
ICE,buy
MAT,buy
META,buy
RES,buy
RUN,buy
SQ,buy
STE,buy
STRO,buy
TIMB,buy
TREE,buy
WAL,buy
WING,buy
AAPL,sell
ADI,sell
ALL,sell
ALLE,sell
ALT,sell
ARE,sell
ATI,sell
BAND,sell
BILL,sell
CAL,sell
CAR,sell
CARE,sell
CENT,sell
COMP,sell
COST,sell
CRAI,sell
DIN,sell
DOC,sell
DOW,sell
ENS,sell
ESE,sell
ESS,sell
EXC,sell
FOR,sell
GEN,sell
HAIN,sell
HAS,sell
ICL,sell
ING,sell
IONS,sell
IRT,sell
LAD,sell
LEA,sell
LOW,sell
MAN,sell
NAT,sell
NLY,sell
NSA,sell
NWS,sell
NWSA,sell
ONL,sell
PAC,sell
PACK,sell
PAR,sell
POST,sell
PPL,sell
PRO,sell
RGEN,sell
SAFE,sell
SHO,sell
TEL,sell
TER,sell
TSLA,sell
UAL,sell
VIR,sell
VIRT,sell
WIT,sell
ACT,buy
ALL,buy
BX,buy
GLOB,buy
GOLD,buy
KEY,buy
SES,buy
STE,buy
STER,buy
TGT,buy
TSM,buy
URI,buy
WMT,buy
ACI,sell
AIR,sell
AIRC,sell
APG,sell
APP,sell
ARE,sell
ASH,sell
BA,sell
BILL,sell
CAL,sell
CAN,sell
CENT,sell
CRAI,sell
DIN,sell
DIS,sell
DOW,sell
ERIE,sell
FOR,sell
GHI,sell
HOPE,sell
ING,sell
INVE,sell
LIN,sell
LUV,sell
MAIN,sell
MED,sell
MOS,sell
NLY,sell
NVEC,sell
OLO,sell
ONL,sell
OPEN,sell
PRO,sell
RES,sell
RLI,sell
RWAY,sell
SAP,sell
SAVE,sell
TECH,sell
THR,sell
TME,sell
TRU,sell
TSLA,sell
VAL,sell
VERI,sell
ALE,buy
APA,buy
ARCH,buy
BILL,buy
BX,buy
COIN,buy
COMP,buy
COP,buy
COR,buy
EXP,buy
GES,buy
GOLD,buy
GOOG,buy
GOOGL,buy
HIG,buy
ICE,buy
INTC,buy
MSFT,buy
NAT,buy
NVEC,buy
OUT,buy
PFE,buy
PPL,buy
RES,buy
SE,buy
SKIL,buy
TEL,buy
TSLA,buy
WOR,buy
AIR,sell
ATI,sell
BA,sell
CCI,sell
CRI,sell
DOW,sell
ERIE,sell
ESS,sell
FET,sell
FOR,sell
FTI,sell
ING,sell
LIN,sell
LOW,sell
MAX,sell
MCD,sell
NVDA,sell
ROP,sell
SAFE,sell
SAVE,sell
STE,sell
TER,sell
TRU,sell
TTE,sell
UNP,sell
VAL,sell
VERI,sell
ALE,buy
BAC,buy
BIG,buy
COMP,buy
CTO,buy
EAT,buy
FOR,buy
IONS,buy
JEF,buy
LIN,buy
LLY,buy
LOW,buy
LRN,buy
NUE,buy
POST,buy
PRO,buy
RLI,buy
SEM,buy
SHAK,buy
TIMB,buy
TSM,buy
ALL,sell
ARE,sell
ARM,sell
ATI,sell
BA,sell
BILL,sell
CAN,sell
CHE,sell
DIN,sell
DOW,sell
ELS,sell
ESI,sell
ESS,sell
EXC,sell
HEI,sell
HIG,sell
HOUS,sell
HXL,sell
ICE,sell
ING,sell
INVE,sell
LEA,sell
MED,sell
NOV,sell
NVEC,sell
OSUR,sell
POR,sell
PRI,sell
RES,sell
ROP,sell
RUN,sell
SES,sell
SID,sell
SUM,sell
TER,sell
TGT,sell
TRU,sell
TSLA,sell
TTI,sell
WAL,sell
WIT,sell
AMZN,buy
ARR,buy
CAT,buy
COO,buy
COOP,buy
COST,buy
GOOG,buy
INVE,buy
META,buy
NDAQ,buy
NVEC,buy
NVEI,buy
OLN,buy
PAR,buy
PRI,buy
RES,buy
REVG,buy
ROL,buy
RUN,buy
SPR,buy
STM,buy
TER,buy
TGT,buy
VERX,buy
VRTX,buy
AIR,sell
ALL,sell
ALLE,sell
APP,sell
APPS,sell
ARES,sell
BAND,sell
BPOP,sell
CAL,sell
CAR,sell
CARE,sell
CARS,sell
DIS,sell
EXC,sell
EXPE,sell
EYE,sell
FARM,sell
FOR,sell
GAN,sell
ICE,sell
ING,sell
LEA,sell
LEG,sell
LOW,sell
MAN,sell
MS,sell
NOW,sell
OPEN,sell
PEN,sell
POR,sell
PRO,sell
PTC,sell
REG,sell
REI,sell
ROP,sell
SAP,sell
SHO,sell
TTE,sell
UAL,sell
WING,sell
YOU,sell
ZIP,sell
APO,buy
ARES,buy
BIT,buy
BLK,buy
COIN,buy
COR,buy
GL,buy
GOLD,buy
KRO,buy
LAC,buy
MAT,buy
OUT,buy
PPL,buy
ROCK,buy
TGT,buy
ACCO,sell
AEL,sell
AIN,sell
ALL,sell
ALLE,sell
AMED,sell
ARE,sell
ARIS,sell
ASH,sell
ATI,sell
BLUE,sell
CAL,sell
CAN,sell
CAT,sell
CENT,sell
COMP,sell
DOW,sell
ENS,sell
ESS,sell
EXP,sell
EXPO,sell
FOR,sell
GAN,sell
GEO,sell
HAL,sell
HES,sell
HRI,sell
ICE,sell
INTC,sell
IONS,sell
KIDS,sell
LAND,sell
LOW,sell
LUNG,sell
MAC,sell
MOV,sell
NVEC,sell
NWS,sell
OGS,sell
OMI,sell
OPEN,sell
PEAK,sell
POR,sell
PRI,sell
PRO,sell
RGA,sell
ROK,sell
ROKU,sell
SES,sell
SHO,sell
SID,sell
TAC,sell
TEL,sell
THR,sell
TIMB,sell
TRU,sell
URI,sell
UTL,sell
XPO,sell
YOU,sell
ZTS,sell
